age,income,loan_amount,credit_history,loan_to_income,default
59,2131.0693163006263,17154.964761507075,17,8.049932787398387,1
49,2885.3343656505394,7484.150174977166,6,2.5938588830725546,1
35,4135.752581351892,11603.027530265746,15,2.8055419907331487,1
63,8129.2394823215,29584.972172468028,13,3.639328406649342,1
28,4506.498675802249,18994.897971495287,18,4.215001343168887,1
41,4062.8621544036005,12282.281186856762,11,3.0230612607775553,1
59,1653.0304006477704,18524.858055759512,13,11.206604578173641,1
39,3686.630419779778,17141.310905689672,1,4.649587551201732,1
43,2534.1272920183396,8284.48276918499,18,3.269165994651635,1
31,2993.6403381544,12049.534011823409,5,4.0250439768098625,0
31,5239.901360317485,33036.28881686293,6,6.304753953395272,1
44,4197.671588777645,18136.020667573128,1,4.320495370828738,1
56,8398.988905342692,2447.6639095236587,7,0.29142363885808586,0
60,7156.006745414954,19081.681185971287,4,2.6665264392319687,1
44,3782.232124379322,25424.70618422357,9,6.722143260415529,1
23,3166.36431651897,7764.97455877818,15,2.4523313752205302,0
42,7765.283871328385,11345.26162653216,6,1.4610234235508195,1
22,8320.084978966966,26630.167639668143,17,3.200708611389037,1
44,1000.0,15279.299750609844,18,15.279299750609844,1
64,5185.715247943403,13856.974217669682,4,2.672143292704937,1
50,4496.243384206546,4311.535760972169,9,0.958919567414171,1
58,6298.240280119874,23564.53046784694,14,3.741446724766499,1
22,8885.336248323008,13492.247705994983,3,1.5184847628632479,0
41,4031.8859613444033,1000.0,1,0.24802288794560975,0
53,1000.0,2418.8998818699674,11,2.4188998818699674,0
32,6158.015400298527,10507.355078538418,1,1.7062891849911652,1
42,7779.928137208405,6417.261654698916,12,0.8248484486646631,0
64,4392.480436960451,7672.305970400173,9,1.7466909825805226,0
45,3589.925039720678,33757.35916242744,5,9.403360457090216,1
47,4125.481189244601,20660.18410932883,15,5.0079452945249825,1
62,6700.41073426247,1000.0,18,0.14924458210994618,1
48,4091.078117430039,12485.42471023598,9,3.051866611160962,1
36,5657.520600685691,14284.052741169055,13,2.5247902304479157,0
35,5055.60583147988,3184.528528506926,13,0.6299004777385401,0
64,4849.240775154468,19275.090444287544,13,3.9748676830082856,1
23,6402.584653504466,1000.0,10,0.1561869235813459,1
57,4042.840200271611,23775.575662162963,10,5.880909084797772,1
27,4138.826879635442,26532.239853783074,7,6.410570102444125,1
41,6595.2056999995075,33820.680631656025,5,5.128070627373844,1
29,3026.149351662695,2405.3659661366964,7,0.7948602949207005,1
59,3239.5596183553457,4032.821131998913,10,1.2448670829050181,1
38,2479.3714173128133,20541.376274021848,10,8.284912914050189,0
24,6698.021826553107,24461.44044052782,13,3.652039523603047,1
45,4789.526063837465,21471.621290868577,15,4.483036735719334,1
34,2372.7697078418673,23637.736057554084,6,9.962086071578176,1
29,6707.617124618137,26014.618895720272,12,3.87836968216955,0
46,3888.915676849129,16618.00316423386,19,4.273171378634282,1
22,3256.6438423262293,13299.60069263526,11,4.083836408446593,1
40,4608.642882246096,4054.58233659677,6,0.8797779390145987,1
48,7957.447218935783,12615.156758273612,1,1.5853271044329647,1
27,4210.075607006859,13840.89278135283,2,3.287563947383114,0
64,6150.677728231169,7402.523413405959,15,1.2035297150148039,0
28,6454.160040901907,14694.206390743488,4,2.27670313373421,0
55,5886.546596012812,6500.968263364139,5,1.1043772706679156,0
34,7542.143299348524,23906.65869077736,15,3.1697433662977965,0
37,3585.7679907354423,18406.595753433277,11,5.133236673702941,1
56,2913.3303138993274,11323.170489293489,10,3.8866758208883176,1
60,2874.0666879500104,16510.72486260868,17,5.744725733690371,1
24,4711.063169400413,6159.2819011348,2,1.307408047750441,1
22,3105.906684318942,6970.457895045892,10,2.244258634761386,1
26,5295.081823730657,9929.162893782219,3,1.8751670369442213,0
62,5153.976839449787,13464.575436727193,19,2.6124633183575976,1
24,7037.146606372082,16129.614499912192,5,2.2920674247864823,0
49,5582.28861647208,16161.250935168046,3,2.8950941173983415,1
38,4167.696288277104,4449.778668021598,8,1.0676830460362323,1
46,5821.698408865365,14354.168936862734,5,2.465632523148915,1
64,2939.6119602041185,8455.557435347564,12,2.8764195920472555,1
54,4923.718623951366,1000.0,14,0.2030985270229523,1
30,5638.802467191162,39604.68425218359,7,7.02359844712059,1
56,5258.6351963002535,8610.794192376708,11,1.637457984998634,0
34,5830.1301898719685,9054.782766841556,8,1.553101298247407,1
51,3711.9079685744173,4228.511021115266,5,1.1391745315116888,1
35,7304.062805619033,6540.056362422609,8,0.8953997982316538,1
28,8644.337898791413,13490.621480687068,12,1.5606309747069498,0
34,1794.6477102828117,25814.506592960224,15,14.384163780473783,1
43,2568.8040080915034,13445.21062761856,19,5.23403521065342,1
60,5086.166016048771,12411.501526122602,16,2.4402470322359977,1
41,4486.898038894252,24602.1918161711,14,5.483118092479331,1
36,8792.824811545564,10804.827755719332,7,1.2288232720765544,0
38,5439.568646848922,15169.195164605328,8,2.788676115594692,0
44,7785.090507451914,7627.439478296149,7,0.9797496215355671,1
46,1000.0,28481.06800762056,18,28.48106800762056,1
45,6628.338966664704,23388.08192028677,6,3.52849817094604,1
61,3568.966361483358,13776.101043733066,19,3.859969427676911,1
49,3536.9148607606853,11804.453745034192,4,3.337500112314099,1
35,4503.283947175752,14745.28434690609,3,3.274340352478471,1
21,2150.832720537816,13892.939371113594,17,6.459330490211095,1
45,5885.571050643704,2625.442677418614,19,0.4460812136710965,1
27,5381.42993343359,23661.339611402997,15,4.396849890100867,0
29,5532.3844963745405,13182.897758044914,6,2.382860006690402,0
44,6774.062044265812,30186.72300836916,12,4.456221807699854,0
21,8029.5640923883075,18374.525686100656,19,2.288359053453343,1
64,4272.577901824905,1000.0,6,0.23405073540563875,0
28,5954.701279472947,4747.012401207596,11,0.7971873278633644,1
44,5585.976416669959,1000.0,10,0.1790197318083457,1
31,5755.229012657879,4647.615565448816,16,0.807546590279377,1
37,5785.195328931967,1931.1866064849582,18,0.33381528136604577,0
28,8181.006689129677,17020.539923054723,14,2.0804945613441888,1
55,4080.646263021413,12471.317267149794,4,3.0562113114690117,0
55,1948.528193592636,20924.319344231113,12,10.738525320309327,1
53,3604.2524627682255,14695.203338608308,8,4.077184795018976,1
25,6514.53386707081,13077.52745484132,7,2.0074387088452563,1
62,5046.659017294354,31025.65559415475,9,6.147761417570155,1
59,4064.8013190100082,16782.58107086802,17,4.128758026223888,1
61,2847.005463180716,14355.907859979405,10,5.042458838115742,1
48,5442.572243461065,8172.472639455656,3,1.5015827579090764,1
27,6289.012550547618,5592.69187464298,8,0.8892798081880111,1
29,5611.744110192057,21164.00814713681,14,3.7713779765365123,1
28,4493.339337690108,20685.567982678873,7,4.603606900811704,1
32,5293.282568594925,27572.629911591997,16,5.2089850776492765,1
54,5281.685933114831,18831.292746422525,18,3.565394267075802,1
53,5379.393862435325,11855.177300483634,11,2.2038128465121596,1
43,2631.3900979617597,19088.082230162538,6,7.253991814040767,1
44,5394.652701229756,14357.595182368474,14,2.6614493976777305,1
57,4118.807063067611,21923.08107259016,13,5.322677352180283,1
55,7081.237212019518,25674.65461481635,4,3.625730059040647,0
64,5265.837283500548,13651.549228929698,11,2.592474566524132,0
60,6670.958443645784,29058.477118517912,18,4.355967341723837,0
42,4396.437225900496,24506.778140972157,1,5.574235882772688,1
47,4468.572324777083,15141.474715448567,12,3.388436756745099,1
55,7988.502492512664,20365.946200463506,18,2.5494072536813723,1
21,5872.670376831016,17443.97509584147,7,2.9703650939888964,1
55,3570.9709351885226,15175.951942434349,12,4.249811106802851,0
57,6793.9488772409495,30305.160451784082,1,4.460610610907501,1
34,3933.3905331442584,19140.83568792553,4,4.866243391455159,1
23,5451.396275623046,8272.253114951523,18,1.5174558400647693,1
21,8673.34926171881,6776.242584571131,15,0.7812717302275769,1
25,2137.4352247238917,7103.22463638218,3,3.3232467371261536,0
46,4648.436156466927,18916.036007345385,7,4.069333292021081,1
34,5816.543281804061,12267.890621447541,6,2.1091376831709105,0
59,6529.396669329348,17666.34973290222,15,2.7056634215358186,0
47,2517.5321852782545,22491.17027969098,15,8.93381638225416,1
29,1928.419462849964,31229.708243458306,6,16.194458127540717,1
35,7181.498703980852,12452.214130493143,8,1.7339297330222485,0
35,3559.170286392325,3731.5951413341572,8,1.048445238937024,1
46,3475.43498400537,29339.216522645813,1,8.44188329163705,1
62,8100.499345544333,3343.1934214474295,13,0.41271448571702535,1
33,5139.404629463645,3028.5703403536645,13,0.5892842768189922,1
52,5152.4764553631485,29131.602079735185,11,5.653902998316948,1
59,4640.401109696935,23529.852221899833,4,5.070650503192507,1
52,2552.03586651366,18878.722729809455,7,7.397514657816979,1
24,6351.393898788776,14600.63202037221,12,2.2988075142303144,1
50,5818.901043851247,13086.367860837967,13,2.248941468882024,0
57,5337.3826506788655,9793.39180004529,12,1.8348678445978877,1
43,4767.353921447484,12735.654605796672,16,2.6714304865223473,0
59,4415.360701323426,14620.676951754223,6,3.3113210767518804,1
35,6824.96677909483,4004.400864484627,14,0.586728257308194,0
63,4717.41387358781,8438.171872220351,19,1.788728336825519,1
49,4871.877922932222,1000.0,16,0.2052596587638085,1
56,6059.786309767547,15623.419616802506,4,2.5782129629917296,0
33,5415.921861360773,15624.809608674614,5,2.884976927039493,1
52,8284.552115080876,29228.123490121437,9,3.5280269933863653,1
27,1477.2664450533912,18004.43937626047,3,12.18767232989561,1
42,5599.8148767345265,10551.663464676974,10,1.884287908965674,1
48,3588.788439055662,13397.159986402137,17,3.7330592800079927,0
22,3115.8269304901414,18894.578500088814,19,6.06406547013077,1
62,4085.8715879113047,16820.901012360013,10,4.116845243528284,1
26,5109.358816963523,19626.287353692784,12,3.8412427188577505,1
48,5198.13815184682,18016.35818830348,7,3.4659252336151436,1
48,1965.3875686430138,12978.845878479995,18,6.603708136528581,1
64,3917.8323406443615,10713.653671416003,19,2.73458707261933,1
64,5562.443102952919,10283.50236832027,15,1.84873843704776,1
40,3246.139098432691,7597.82972302353,7,2.340574292300639,1
50,2770.4321905669694,6343.045729803796,12,2.2895509774255443,1
31,1000.0,29707.7114468998,7,29.7077114468998,1
48,3673.613103249282,15997.681213168446,10,4.3547539611666295,1
45,2700.7416020983724,13757.588391133324,10,5.094003950783076,1
59,3032.134233779884,11032.92547061675,5,3.638666569475393,0
53,4456.359393440694,18431.032874647462,18,4.135894627748395,1
21,3800.342246914204,24629.311088448587,9,6.480813960491862,0
47,2667.524212281388,20786.115810045918,16,7.792287587998569,1
33,1000.0,22372.712698492083,7,22.372712698492084,1
61,5604.622610295285,10307.76974252817,10,1.8391550081522963,1
23,6505.654427616946,14966.966065732964,5,2.300608836860005,1
59,4206.510042011253,10412.975105128324,7,2.4754428257942735,0
26,4468.448607091445,15856.251190425937,5,3.548491341102593,1
28,5005.621031372247,25180.728064465686,15,5.030490304129678,1
47,8157.567153224503,18515.230759230733,19,2.2697000725163603,0
29,1864.584412348458,28013.714927968413,10,15.024106574335741,1
57,4171.020548254861,12691.811116398865,8,3.042855092552606,1
53,1556.0540717345611,8544.311567863624,9,5.491011991851368,1
62,5724.636917471118,19097.027893554234,11,3.3359369631411355,0
64,4712.083212423978,15950.866905782552,2,3.385098731645095,0
44,5405.984225872155,17581.61802531734,3,3.2522510778286398,1
35,5306.245125182153,16385.761303731986,13,3.0880143900569417,1
52,6981.4165074070315,11124.525013188191,11,1.5934481206479332,1
52,6076.265929136932,16565.888382159996,10,2.7263270856404076,1
44,6661.015915320175,22786.964286633367,15,3.4209442788184763,1
61,2868.930620206112,23608.861663215634,6,8.229150435683769,1
32,7386.341729950289,11083.867206517025,1,1.5005895491639567,1
59,3555.274521022001,16848.04745384388,14,4.738887912655682,0
22,3670.260914752039,26816.888663052698,18,7.306534681299199,1
23,5541.68515470599,11256.874007523806,11,2.031308833553001,1
57,5603.836526098553,9804.428804539588,8,1.7495922229133136,1
37,2856.2863955350426,21355.223711750965,3,7.476569487266238,1
22,4653.441416452206,19951.67365584383,14,4.287509365714769,1
22,7976.4706337389525,8304.19134614311,2,1.0410859297867858,1
48,2063.3268769318097,3804.315224339907,16,1.8437772836056723,1
43,7970.438482025453,16692.448818370776,6,2.0942949194093625,0
57,4516.603097167021,11651.22321708059,1,2.5796429233263076,0
52,1000.0,1527.3899629726911,14,1.527389962972691,1
53,2266.5365330341874,9502.379809212282,10,4.192467083904247,1
21,3073.044924529613,19820.8785202766,6,6.449914988896739,1
39,3752.1413984345154,13788.714312712043,9,3.6748919746108264,0
22,4790.573482749324,27528.83236014929,7,5.746458635751979,1
64,1000.0,1000.0,2,1.0,1
46,5373.608784955307,25703.938971897187,11,4.783366262884909,1
52,2889.8189833502315,12248.77296187049,14,4.238595231203795,1
26,7781.045143202116,11092.629312348958,5,1.4255963187721634,0
52,4459.646558512051,2590.4493068139764,9,0.5808642619603184,1
24,6885.692343465459,18720.654793142076,7,2.7187759573527894,1
31,7220.697959828586,1000.0,14,0.13849076717560682,0
37,7166.546486932433,21543.229156783338,16,3.0060823851579728,1
58,3867.1865140750288,2893.08747966591,16,0.7481117006216835,0
44,3841.5996845573527,4154.352318104715,7,1.0814120833059677,1
25,4550.05340142337,5470.283066538546,10,1.20224590437275,0
54,6272.474750757851,9272.40026085202,6,1.4782682480677523,1
26,3978.609460491675,22536.607528796005,17,5.664443256516798,1
42,4761.4750528195045,27031.652268973234,1,5.677159277137545,1
31,5547.1876326789,10099.251608479783,2,1.8206075361475662,0
36,3190.216147904267,14627.495189551475,14,4.5851110117289835,0
53,3063.783423341765,18919.33847258009,4,6.175155309099549,1
29,4683.472237192019,12365.501090128757,9,2.6402422100280254,1
26,4948.357629903283,18606.06101834397,6,3.76004775926182,1
36,5867.770960003286,14967.36422796775,17,2.5507751290891165,1
49,6343.7731499031115,12972.320969947748,11,2.0448904245804997,0
23,2801.8743588567027,3641.4744407832204,4,1.2996565778449518,1
40,3375.8301361128706,16192.345583397358,9,4.796552234717052,1
56,3058.495424873796,22667.005637184462,16,7.411162185446062,1
39,7824.894803182843,8773.77721807774,3,1.121264558663323,1
46,4759.458819594929,1000.0,4,0.21010792148950846,0
23,5032.258590490042,12443.594861637572,3,2.472765387127257,1
39,5115.548728027025,27078.165158460157,13,5.2933060748897836,1
40,3568.6599725647216,24695.599483902002,19,6.920132395284998,1
52,8128.539037892061,10356.302353739313,1,1.2740668778807966,1
27,5822.053309637457,18644.120039918853,6,3.202327262970362,1
61,5079.181059555898,19908.367305204534,3,3.919601816074113,1
53,2789.487157698868,26922.70497191733,3,9.651489126813791,1
60,2676.1350166875104,2595.3416303959566,16,0.9698096748528185,1
59,4382.184936788463,6449.374154962843,10,1.4717256911775485,0
38,3600.01641285634,1000.0,17,0.2777765113594512,1
60,2865.1113089068963,9572.726413241022,7,3.3411359563874083,1
21,4258.0839608568895,23530.44453975068,13,5.526064012841929,1
31,4567.143943448222,10522.246720354553,11,2.3039008296309995,1
48,5283.57084092054,4534.488561437551,10,0.858224238486319,0
45,3992.161057251474,16813.091339856786,7,4.211526313377816,1
43,2984.798610679938,17018.950694298837,6,5.701875708934987,1
51,3054.158228017506,6863.604376389326,1,2.247298228829677,1
50,7425.9454584523755,10951.6327425216,17,1.474779582451176,1
62,2496.4846272765153,16204.612165165008,12,6.4909721406308325,1
55,5726.364596582541,20967.89197353431,4,3.6616411022881463,0
27,6039.092659548792,9809.020372087582,3,1.6242539939469083,1
36,4757.449048328663,8656.189226314604,6,1.8195022455060461,1
46,8535.658116810358,30300.437515455527,16,3.549865411757884,0
22,6003.437986055398,12807.790154041777,13,2.133409253796128,0
21,8685.8060966093,16995.474433712436,9,1.9566951235933072,1
32,3697.8719961702554,20186.919651165037,11,5.459063935169161,0
25,3732.109180213163,1000.0,13,0.2679450015293722,0
57,6055.074317360029,14851.784306411955,19,2.452783158058286,1
52,4477.068725361594,1834.2697226106939,3,0.40970327576612026,1
29,8371.330849784035,13953.780409860783,12,1.6668532949239205,1
61,5683.4007672618745,25984.99121469191,19,4.572084967925084,1
55,2910.8515602865687,7012.253386224448,8,2.4090041147732393,1
39,1526.367182911949,1668.6464820174133,14,1.0932143331554265,1
36,4843.52281531347,30101.486214932745,9,6.214791870033669,1
23,4821.753740933533,5823.542596782625,17,1.2077644171962911,0
40,5627.5318466167755,3011.368022184077,6,0.5351134572422697,1
44,7421.3811475118055,27952.252555121435,4,3.7664488589826832,0
53,7158.226607987855,5508.240625622762,4,0.7694979395421939,0
44,3842.1979353271345,28159.313677828995,19,7.328959661062188,1
31,2412.361196391157,17192.726625365234,12,7.126928857538084,1
28,2531.757729981859,25271.656613387495,2,9.981862132427883,1
56,3526.396589357243,16488.530688762006,17,4.675744849154182,1
58,4266.536903921962,23637.61891783006,15,5.540235429840409,1
60,5610.124277930334,7652.409419353862,10,1.3640356327680072,1
40,3398.0648062080404,10091.17788781333,3,2.9696837651175496,1
55,5560.783942226629,1000.0,4,0.17983075954567362,1
45,5724.080291718104,22774.25182206281,1,3.9786744177949043,0
55,5286.687765191778,18356.5547465228,1,3.4722222234088953,0
45,2742.7540059746098,6941.402997364623,18,2.530815006465761,1
49,5935.653450471916,1008.7836134566533,4,0.1699532531462816,1
38,9162.539257533446,17254.50518900115,15,1.8831575728108867,1
38,5491.793653825809,28407.636278177524,10,5.172742835737755,1
22,1000.0,13896.312619341414,17,13.896312619341414,1
55,7481.759144093805,9732.431691826267,12,1.3008213047741815,1
36,3594.504446601227,7503.405758816256,12,2.08746598322088,1
61,9531.425380991384,24994.789662130577,16,2.62235590827558,1
56,5232.726902731921,8766.017404717802,5,1.6752292958650696,0
53,1630.5986120283487,12030.567199858544,16,7.378006525403191,1
24,1000.0,23333.879263350234,17,23.333879263350234,1
53,8079.481525351757,20099.852838690535,15,2.4877651833996173,0
34,7211.809971834546,12336.72536010657,13,1.71062817909612,0
41,9452.03777153338,9408.184470005239,8,0.9953604394535733,0
40,5021.848971147111,26724.626317963048,2,5.321670657861003,1
28,4886.940233240639,6069.042599152146,8,1.2418900803965078,0
27,4234.562415682885,13317.718518980928,10,3.145004657307253,1
23,3683.4195174815586,2952.9881012615915,7,0.8016974681397735,1
37,4215.140891084368,24510.93742349628,10,5.814974648970916,1
53,5434.926664648059,11200.912992935951,4,2.0609133635221317,1
32,3312.198426175796,9402.993610274752,11,2.838898037015034,1
42,1661.421306252033,20293.29972307782,9,12.214421258902155,1
42,5319.753268028355,3595.8770295828763,4,0.6759480841327827,1
50,3267.608802613136,20083.051049750728,3,6.146100179951202,1
58,1000.0,12115.65766345995,11,12.115657663459949,1
58,6105.134781314022,5357.606281758444,3,0.877557412517159,1
28,2783.881923765943,7077.89623790545,18,2.5424556183513367,1
47,6323.578909381469,9526.399203506098,19,1.5064885470746672,0
47,6275.6962130319625,11447.650596290092,14,1.824124401133084,1
54,5567.180023045666,5411.791409270292,11,0.9720884517597539,0
41,9993.635680712992,17356.12791654437,2,1.7367180945009297,1
50,4723.896300055245,5202.224128354652,2,1.1012570551757905,0
53,4428.720865002823,1000.0,2,0.22579883232251588,1
48,6367.344842833834,30356.95703038018,10,4.767600590149534,0
53,4889.105275772415,16583.420392791737,15,3.3919131328526717,1
25,7320.987074788019,31075.932733164598,12,4.24477360985703,1
39,2462.3881848489555,6650.725199783599,11,2.7009247529310896,1
24,2495.65110507132,18838.357714303987,17,7.548474094004269,1
55,6531.618982652435,22156.86959090608,18,3.392247718330374,0
37,2670.378121322793,13485.229934613952,14,5.049932751820905,1
64,6218.197212885429,3444.400195370554,17,0.5539226366498996,1
48,5740.005692420731,12884.150926221642,15,2.2446233708851975,0
50,3611.0234279446736,20011.175464769916,12,5.541690843074895,1
49,5734.340320466868,19705.763599205588,16,3.43644822210364,1
26,2530.815108431521,14986.971100335546,6,5.921796124262811,1
55,3000.200147472599,22178.30354537397,2,7.392274666760886,1
61,4525.6245231758685,21800.688971938827,2,4.817166970060551,1
57,5157.855638144441,10810.659199523972,16,2.0959600186509193,1
44,4392.722926024285,2836.6427611343424,2,0.6457595457088614,0
49,5866.231927746222,16523.47126408631,8,2.8167095109099356,0
51,5776.932830096583,9026.899471836747,7,1.562576498173656,0
55,8058.733616696289,16149.988807194322,1,2.0040355687814726,0
53,4809.429305709991,25764.23882841519,4,5.357026206378919,1
41,7389.126862368257,18499.93612696878,11,2.5036701184799317,1
52,6841.451025787786,25370.045673773835,7,3.708284335902631,1
43,9587.954566586297,6908.161591867437,18,0.7205042059692429,0
53,4745.483960195451,23699.645909445535,4,4.994147300514619,0
23,4159.282557094024,28412.78345321333,17,6.8311741419810055,1
38,7515.388444487466,15514.576053664205,11,2.064374472226268,1
45,5770.865143482524,33576.42714958151,11,5.818265773807228,1
62,7563.318433567799,8140.550306171158,11,1.0763199219593171,0
51,6433.597595979,9889.329041924386,15,1.5371382643056846,0
23,1000.0,20199.48440342775,14,20.19948440342775,1
60,5752.643554062366,15435.72435864151,17,2.6832401857648915,1
44,5622.431795902979,9056.741337750173,2,1.6108228016833834,1
52,5266.213804927926,19952.83261292614,18,3.7888383100312084,0
42,4735.513891753234,17844.33210665915,16,3.7681933818702458,1
43,1815.7129444113443,10309.78658774201,12,5.678092795160664,1
22,6748.353834476646,16512.413008354983,10,2.4468801449021185,1
47,5747.536856186989,21072.204165047406,16,3.6663017032007437,0
62,7203.9133947948485,10132.329708011905,3,1.4065035422736993,0
22,1922.488951449494,19135.966477127102,8,9.953745878590984,1
46,6014.268979090537,8063.654179829222,2,1.3407538319060328,1
37,4530.681324906875,9609.404952201223,1,2.1209624476068702,1
60,5287.576019851059,23892.69850576222,14,4.518648699529285,1
53,4553.680731638218,19909.97034485145,4,4.372280692961252,1
29,6087.21585496026,1000.0,4,0.16427871523319398,1
63,4674.253758016841,12006.202999659728,9,2.5685817718107016,1
59,2896.170149888622,18917.574196745278,3,6.531927758965678,1
49,5172.850837572382,16110.924937506707,5,3.11451565942844,1
62,4571.650925728999,19945.63396147162,1,4.362895217834479,1
46,4833.212757742233,15927.853278258372,19,3.2955001314071763,1
55,1000.0,13939.218612165336,1,13.939218612165336,1
45,6365.272167137411,13694.702913302066,10,2.151471697314845,1
44,4370.672765306438,23729.43450875629,12,5.429240710289727,1
33,2303.6928519634685,20559.516691444987,10,8.92459108596957,1
27,6845.127033696284,18237.950429963697,2,2.6643698999572005,1
56,6272.731455505861,15710.66479120622,16,2.504597064715126,0
40,4345.3596074502875,10609.450468958254,8,2.441558680383538,1
21,2695.6612409599625,12545.97068670769,14,4.65413476147318,1
28,5356.061469358745,23517.368995495017,15,4.390795200920395,1
36,5246.212169175218,22764.019956289732,16,4.339134450192961,0
34,6848.668565983564,9811.420562436531,11,1.4326026245697692,1
32,4112.52897027902,15799.358781799207,12,3.8417623063521615,1
43,7389.844269729992,18987.73858091252,2,2.569436903926297,1
35,3919.4939933284654,18465.475291253308,4,4.711188567372259,0
48,2308.336430915156,18403.861464507452,3,7.972781271407268,0
54,2735.4344890454377,6103.401452986112,9,2.231236564950955,0
22,4875.176921728769,5628.127291617517,18,1.1544457528367496,1
52,4868.970981882536,24361.557946890505,19,5.003430506679949,1
43,5655.722281501552,27072.201591134835,7,4.786692175406351,0
42,4819.251937763118,3147.830887652346,4,0.6531783206821573,0
45,6954.637032128659,14777.918906842693,6,2.1249015352738696,0
42,4477.811803074847,21512.40637866658,19,4.804222983175471,1
42,1007.4474702571679,1000.0,1,0.9926075845371205,1
62,4757.806623068413,6413.297135367642,16,1.3479524586544813,0
26,1000.0,14262.423822982957,11,14.262423822982957,1
35,5542.781961995395,10222.090751534273,4,1.8442166445700008,0
63,7114.385997969832,16673.14800916439,18,2.3435821466423463,1
57,3027.5510274349617,26763.856221469505,5,8.84010078738283,1
53,7837.113372783701,8177.618979894134,6,1.0434478347975573,1
28,6685.662489456862,15402.183130522997,2,2.30376318798801,1
64,7412.960310830109,12241.631016046536,12,1.6513822417424637,1
64,5379.127712869262,16090.922464585114,9,2.9913627865887036,1
25,3014.469648496359,15046.40095292875,12,4.991392419702754,1
59,6561.630855628276,36097.58559306034,13,5.501313070987137,0
24,3750.79818646332,26916.619670780638,17,7.176237785312757,1
26,5235.769012206711,2352.515834902146,5,0.4493161996676081,1
52,4657.2980143927625,7798.921896219932,13,1.6745593415148434,0
50,7249.391713593792,8777.141934331088,13,1.2107418499503229,1
55,6460.654011846658,5125.79612697759,10,0.7933865700869618,1
60,4838.868403375258,4053.0961536869236,15,0.8376123952574874,1
36,1096.7856129196944,13573.068602441743,15,12.375316053161567,1
33,3729.5450669415977,9082.49948790687,18,2.435283479589361,1
62,6408.444578968834,7873.650668272282,18,1.2286367731277485,1
50,5560.220522093168,31163.79181674237,2,5.604776230172006,1
39,1993.5561311742772,9632.979033922556,11,4.832058091210294,1
37,1386.8240550622218,11454.658177494392,13,8.259633322397528,1
39,5391.018300314913,20931.651895940922,11,3.8826898240575836,1
48,2885.8856645684477,11427.772223404692,4,3.9598839149137217,0
46,3078.407078324846,5674.611916386377,15,1.8433598195448173,1
57,6345.215457565308,12936.482369186155,11,2.0387774781961383,0
46,7404.4775608313485,31069.86738316882,18,4.196091773918538,1
43,3498.595945927403,11148.463277880604,16,3.186553534671002,1
29,4910.479384775653,7705.8661133612,10,1.5692696190217814,1
32,4851.506668031279,18361.84264679217,12,3.784771186193861,1
21,4671.591790606966,12552.684098720234,13,2.687025035868834,1
21,5081.196952312597,36911.95302138436,9,7.264420837807651,1
54,6512.997855680313,8704.824386187196,13,1.3365311303757426,1
52,3652.151306540809,28869.8457616804,6,7.904887650732334,1
45,1949.444930967867,24307.11639911236,6,12.468737132802351,1
60,8380.01986720752,11949.23757502485,11,1.4259199577538355,0
21,7178.843848980101,14971.877642748826,19,2.0855555515218347,1
36,2792.724257501204,6760.961131643904,11,2.4209196856739763,1
59,5271.264017551906,10692.467763015902,10,2.02844473875959,1
25,7021.404329172221,11892.433363181322,15,1.6937399992436222,0
42,6498.087889052078,16262.82824808365,13,2.5027098010605737,1
49,5924.02661985857,3698.558992207498,8,0.6243319332511368,0
23,4659.546216816512,17491.877362690335,5,3.7539873087987328,1
32,8454.607850123915,13833.052629626813,2,1.636155440305143,1
46,5441.71774491892,18184.86240810266,16,3.3417503921592333,1
36,3970.0814813586194,19378.453137954868,13,4.881122271405695,0
57,6742.15145769119,13192.516449153722,19,1.9567220540713601,1
42,5192.11728390284,18905.582215130293,9,3.641208620949956,1
49,5699.5954545072445,14302.59070859255,15,2.5094045398050224,1
34,5406.298403182415,20947.783915424523,6,3.874699906149024,1
48,5993.55114753382,17529.00653087779,8,2.9246445219860164,1
25,3043.087493201586,16448.33200916833,14,5.405145940073939,1
50,2097.7872256599835,14180.432190927473,5,6.759709477431,1
25,7868.265446467169,25366.5273036001,17,3.223903346447165,1
32,5499.169123578338,18241.48183436018,7,3.317134175078862,1
36,6541.694554817158,4428.300216011208,9,0.6769347267597975,0
46,1480.4815596447474,11224.393845888953,16,7.5815830145039635,1
46,7133.366217429006,13171.321533385313,18,1.846438431999149,1
41,3957.0287092884646,14991.014717553551,13,3.788452351221169,0
59,3387.5636663819114,16413.658809812056,18,4.845269469825985,1
56,4873.2536647360275,7446.266285785508,10,1.5279865974694455,0
53,3044.0395789149507,14456.017116680598,1,4.74895833050681,1
50,4996.536603548786,12487.029221961042,18,2.49913694479735,1
57,4727.323305971027,23677.95394203168,19,5.008744359016936,1
43,7120.791810467766,7039.373525429791,2,0.9885661191613146,0
30,8026.689004278939,14860.971199934671,4,1.8514447478919953,1
25,7963.031585683166,9516.919101276319,11,1.195137680778123,1
56,1000.0,29903.967324158344,3,29.903967324158344,1
54,3129.66634031343,25052.908821227848,9,8.004977558955645,1
51,1000.0,1861.1366768752177,10,1.8611366768752178,1
30,2612.9154511299384,8630.290519314098,2,3.3029352387127506,1
39,3700.963578192337,21967.386336541756,7,5.935585658281807,1
52,5821.123230453887,18658.264384345614,15,3.2052687506652875,1
21,3960.1335310149193,18407.45426117051,19,4.648190298889485,1
25,4015.859858102708,16526.821646076718,10,4.115388043915659,1
24,5363.529366399526,22609.59908054331,14,4.215433073264007,1
36,1581.380709584378,21247.812835179673,4,13.436241321524701,1
44,3322.8136940722725,12675.550882243997,11,3.8147040578460727,1
36,3992.886748365255,5405.932000584584,3,1.3538906413506093,1
22,4595.196022737312,1479.4779104548215,17,0.32196187129651793,0
48,5153.90798045109,14170.890198103196,7,2.749542725996226,1
52,8001.299579466084,1000.0,11,0.12497969736895274,0
47,6816.672322162189,17007.973789403273,18,2.4950552095789305,0
40,3461.3799510161307,12535.74769506072,14,3.6216040632524886,0
44,4477.341881097064,30551.28829169151,14,6.823532601045345,1
32,4341.121725815753,17745.034179938455,6,4.087661047238645,1
55,3971.694966958513,14766.198563501452,9,3.7178581654293734,1
53,5545.03165164182,2070.642242157368,3,0.3734229797487765,0
53,1280.4408940581834,4901.431317471966,17,3.8279246939212834,1
63,6761.428776012967,20450.833138130154,12,3.02463189595106,1
57,8387.10158143071,12495.226712087468,4,1.4898146386771167,1
32,4460.318918656367,35283.005984316,16,7.910422242843725,1
23,4421.271149764342,14335.589641317909,10,3.2424135855322986,1
21,5314.088494417343,16351.37824111003,7,3.0769864405321417,1
53,7038.771953920421,4464.824148176574,10,0.6343186250962114,1
60,4351.412566365516,22579.452524122524,7,5.188993730139875,0
30,6867.890332203473,7594.232900673787,18,1.1057591972697207,1
63,5976.989344906486,19195.2966552855,9,3.211532687714006,0
64,9723.22288800938,21494.346513365028,18,2.210619540550873,1
49,4342.675969675408,15761.54607254421,17,3.6294547837798503,1
33,1047.9991045583324,29055.767485098426,11,27.724992663370315,1
32,2134.121758628972,10114.375426798002,1,4.7393619346704,1
51,5023.856474800315,28404.321704972386,17,5.653887973800323,1
22,7055.764188041503,4832.431851200783,4,0.6848913487487371,1
55,3694.9817191585526,21392.227935037088,4,5.789535527095565,1
43,4538.13510024934,13860.69214966835,14,3.054270497347423,1
37,6369.685474663152,9334.939271093855,9,1.4655259365985438,1
46,3069.534798243085,1709.7700101438713,13,0.557012747052907,1
28,3777.4612016103642,12914.646848665501,16,3.418869489158453,1
49,2664.5466247794784,12409.47935855436,1,4.657257352207671,1
46,7356.456185765124,16383.249783635667,3,2.2270573452659925,1
30,8083.345623592734,20798.519810485916,19,2.57300884794306,1
46,1841.1700210138797,8532.270615157238,8,4.63415682298518,1
54,4715.629002023554,29066.141449364797,18,6.163788847021689,1
61,7814.51795012989,10691.722301555055,6,1.368187055143605,1
27,5797.390367244476,19817.551832219197,6,3.4183573257701054,1
24,4021.521534001811,15721.339066106268,5,3.909301226708087,1
31,1907.6757607782024,13410.322290755343,12,7.029665400416285,1
49,7305.889103645728,15320.457458120254,9,2.097001096071272,1
56,5721.030429888995,7477.699854635167,9,1.3070547248916236,0
45,2054.027224516489,11899.47093942055,17,5.793239153498389,1
41,7379.782107749981,4281.957973630804,19,0.5802282385998966,1
56,1799.1928764842605,10605.837311037842,17,5.89477506811962,1
30,4559.0276916651765,11266.664583856491,16,2.471286718537426,1
57,4470.770593255742,21761.770902170745,12,4.867565992985385,1
29,8236.76265769567,12344.598453223554,3,1.4987196992607166,0
44,4477.907616239695,11415.34701010102,14,2.549259160394875,0
55,4470.71462739855,16760.321333232314,17,3.7489132566228958,1
55,2273.8433102046124,16446.820874580502,16,7.233049348989896,1
56,3719.2046418827886,10271.67462948036,12,2.761793345224609,1
38,3365.409078238715,18153.827140150384,2,5.394240853968094,1
59,3469.5552679906145,13570.822418575563,8,3.911401136559809,1
52,5012.569049783747,10258.693594759947,12,2.046593970651143,1
44,1000.0,11036.16935248805,16,11.03616935248805,1
43,1979.5395091662049,22594.805514815544,8,11.414172543761264,1
52,4777.962252785691,11276.576053923536,16,2.360122465879458,0
57,5242.509366207863,17089.002692049144,10,3.2596990292857346,1
32,4533.134402712209,4740.797884956291,15,1.0458101313121968,1
33,4918.411020430078,23922.43998713808,4,4.863855397153499,1
43,4181.766772689497,10336.04580673207,15,2.471693513429602,1
45,4962.9907935406745,18202.315973951096,4,3.6676102638839034,1
55,5868.284440524432,12987.454975975224,11,2.21316044026226,1
61,5854.267457375321,18110.673262339667,6,3.0935848753414033,1
50,3622.0831770830086,18547.521762917542,4,5.12067803419537,1
37,6830.1894791659,13842.693918319164,9,2.0266925186399996,1
40,5314.217389006639,1000.0,9,0.18817446235238133,0
45,7464.427912679538,23728.120875265926,3,3.1788264489713773,1
42,7865.744862534164,13880.778701593315,5,1.7647125535065022,1
33,2114.546557253508,17944.048057392527,15,8.486002824501185,1
39,3281.9449222625817,20533.74951926615,9,6.256579560485168,1
56,6627.0960799411005,11342.606822855767,2,1.7115500795571046,1
32,1670.2151597421052,19137.083652835696,3,11.457855319544947,1
61,7840.353925386747,9019.183247006076,12,1.1503540953428555,1
39,4312.235610374675,18100.342851828384,16,4.197438286600418,1
32,6150.066070218037,15157.622107822968,5,2.46462752347075,1
29,4767.218674278447,11620.038851996345,10,2.4374881132875914,1
27,2215.220944432626,15375.937362503986,15,6.9410400805153785,1
48,7111.08920426395,6558.452212830785,14,0.9222851836675326,1
34,10501.44606107466,17472.319421391177,14,1.6638012822020016,1
51,3969.9834472886164,18302.57663218255,13,4.610240036311154,1
39,4355.282898309515,17765.121119232914,16,4.078982131362436,1
36,1000.0,27017.366620327863,8,27.017366620327863,1
25,7703.005806912242,14240.210287159873,8,1.8486563095125168,0
55,6823.530645684006,14791.018622976762,17,2.1676488889710375,0
32,1533.2322758901714,5637.844791026402,17,3.6770976450734802,0
45,1000.0,27579.75593234324,3,27.57975593234324,1
41,1101.5374336694695,3014.8528389239473,1,2.736949963543947,1
56,6290.338250745636,16828.50885359902,17,2.6752947429503053,1
43,6489.982839228164,10081.751410331322,16,1.5534326761841357,0
36,3153.3321112624235,15498.532901397113,17,4.914970055340076,0
59,5998.520062765597,4535.525822987265,2,0.7561074690973322,1
62,5317.754241982305,22133.307758167026,14,4.162153185536527,1
59,4265.460586291563,7358.563213603681,7,1.7251509103736191,1
34,6940.3936533706,24330.024904795893,19,3.5055684331363572,1
51,2590.1287975439227,7579.116385149679,1,2.926154248520977,1
25,7295.07842718779,22801.699352835243,17,3.1256277201704004,0
55,3542.9568919712947,8352.280988887884,10,2.357432292731253,1
43,8563.073363934089,10083.122309878607,6,1.1775120778886063,1
49,2989.387953037067,14985.23129308704,7,5.012809153078577,1
63,4296.855842799746,8216.586372129741,6,1.912232263015828,0
31,5117.174275084706,7980.99372335967,5,1.5596486057195225,1
38,5104.637095644966,8309.26957601156,2,1.6277885029477677,1
32,5981.657001236191,17550.844676847526,18,2.9341108447409145,1
29,2428.6351635066453,14996.404810541908,17,6.174828165169517,1
30,4925.37518350673,15421.049823149164,7,3.130939116026854,1
64,5276.2634128054415,12402.937165112986,19,2.350704692834549,1
37,3944.5235519437465,19389.599198885353,7,4.915574452415355,1
58,5808.1172349188355,23400.464248964978,7,4.028924228367781,0
27,2307.2601730244382,19604.93651360981,16,8.497063635398762,1
33,4347.0922218986325,13328.227590005365,12,3.0660098543260577,1
60,3493.631751192668,5233.719330605398,15,1.4980741255338925,0
62,4353.138140901962,1000.0,15,0.2297193352547277,0
29,7894.0709198424065,14481.081197015243,11,1.834425018986824,0
47,7932.9114523148,1000.0,2,0.1260571236690412,1
22,7540.8329211624405,13405.55733331542,3,1.7777289953864828,1
25,4075.485439838297,26220.98559045257,19,6.433831252134945,1
49,6815.2365536004145,5772.23959495033,15,0.846961004148993,0
57,5224.7242538516075,4711.144415888713,16,0.9017020204302095,0
58,5091.179407006017,20095.47383531378,1,3.947115634475623,1
39,4845.277304761662,1000.0,15,0.20638653622925918,1
28,8516.83571475825,18054.465123163598,12,2.119855980300082,1
21,7731.677211112928,26748.074205819947,7,3.4595435732074136,1
42,6489.792836894195,8020.12072483992,7,1.2358053525600812,1
37,4659.398068978747,6646.082023056932,11,1.42638210444072,1
27,5079.121516509124,19720.18638079624,11,3.882597869867446,1
45,6061.133209075469,5634.049780590229,17,0.9295373631046817,1
24,3956.7821762919552,21486.549789875684,3,5.430308981529914,1
56,6876.631431929009,6285.52057400907,16,0.914040636935209,0
26,3157.509777114187,29147.21868267535,5,9.231077887370635,1
51,5783.68737599481,20298.445165825833,2,3.5096027579351046,0
39,1000.0,15304.350481518395,7,15.304350481518394,1
64,3898.7629467957404,28686.039544738836,10,7.357728576012786,1
59,9155.354265838887,23252.349662813613,5,2.5397542233373147,1
47,7072.382988783822,17948.934215546487,15,2.537890587092345,0
30,8070.936899869048,1000.0,12,0.12390135276813094,0
46,3665.384665291236,9388.047671444907,10,2.561272152509257,1
39,5207.545673600872,23683.27671096405,17,4.547876906970598,1
59,7563.984506188609,4598.991654339194,11,0.6080117761447617,1
23,6266.189869410754,8874.21381357836,8,1.4162057005165172,1
33,6017.131754716639,6823.217699947113,15,1.133965147862785,1
48,8261.163940660126,18218.85461056994,2,2.2053617070712823,0
40,2919.0900687721437,22708.894486903046,17,7.779442892097908,1
48,4631.523921108994,22716.791348729897,6,4.904820041022369,1
28,1491.8288746612911,8177.444831421889,13,5.481489848008551,1
61,2809.7878961287975,18109.268178949445,8,6.445065908319842,1
59,7148.370784357941,7800.939063634431,11,1.0912890921529195,1
21,3165.301467615753,13315.612002095733,15,4.206743698294763,1
23,6471.048508250195,19161.34479156813,13,2.9610881091585974,1
33,8316.970083936161,23491.002693033475,18,2.824466416971398,0
48,4644.123650016123,1000.0,18,0.21532587746593015,1
45,6039.726879599625,15789.077531267993,17,2.6142038946493975,1
53,6486.62425908584,26258.346428239536,13,4.048075760124284,1
58,2557.0098738668694,16857.75543740294,3,6.592761181602163,1
26,3767.095309397906,15660.9061823465,7,4.157289608063985,1
64,2992.6775766563956,10495.942788157052,12,3.5072080166697304,1
52,3926.553779833943,26046.023742290243,4,6.633303706690031,1
41,6432.221396162198,10865.727238309817,11,1.6892651183917398,0
36,3809.6065381154167,14198.804876405376,14,3.7271053412853017,1
41,4929.693546136366,11238.294571746166,18,2.2797146448493026,1
31,2915.076766137529,15865.564068119711,7,5.442588768988596,1
57,7452.844329067404,26405.215992385565,5,3.542971626201902,1
56,3909.780019553326,7751.147755386696,16,1.982502267805908,0
55,8045.961103819908,15900.42611401493,11,1.976199724165461,1
39,5121.85818769872,18128.516001726468,3,3.5394412217944895,1
40,2186.0008440738416,8501.342920245223,16,3.888993429847941,1
38,4657.946506908751,14527.873151114241,11,3.118943751192985,1
61,2874.4463450676712,29810.720955928628,10,10.370943610438765,1
34,6178.698754756306,1000.0,2,0.1618463757000953,1
35,4477.274435346268,11630.394094740786,16,2.5976504819368538,1
51,5326.420510054708,17004.47605544074,17,3.192477203656999,1
21,4261.293779906874,11992.456245341953,10,2.8142758666134573,1
23,3889.315392273349,38089.97976451289,18,9.793492150362448,1
36,3052.7559807687458,19389.525891850342,12,6.351482402785324,1
43,6672.445873643059,6645.046697124193,8,0.9958936832103659,0
31,4653.693796400605,1000.0,3,0.21488306789188602,1
32,4370.618212603232,17722.20690201483,3,4.054851291039469,1
30,4603.572203115679,8955.047009539687,6,1.9452387438343959,0
52,3642.276413028451,25311.188050229226,2,6.949277094865978,1
36,4377.29714644795,12801.07549671693,3,2.9244246091688417,0
28,5411.259629386976,10453.186874643758,17,1.9317474286163507,1
58,2931.72600188647,10318.022742840123,9,3.519436242063826,1
32,3221.2960138415847,22892.07339063423,4,7.1064792841978175,1
44,7756.568187245348,18324.664318671712,2,2.362470602502303,1
48,4274.486934400888,29047.653790327022,9,6.795588391334817,1
28,3896.87838215198,13279.143070374492,14,3.4076360019840615,0
48,2312.256788881449,21898.23529642426,11,9.470503190529067,1
56,6701.355274948479,22035.00867529317,2,3.2881421400930844,1
46,2888.148372978313,20390.50762450848,2,7.060062362198312,1
28,4969.414678077083,10921.137447626863,5,2.197670783202339,1
48,1583.6298613668191,18787.2642403663,7,11.863418781552372,1
48,6636.345600728233,14222.06047948799,4,2.1430560334180524,1
57,7353.712487237161,14011.86983126766,14,1.905414422386809,0
61,5969.040690956031,8553.517666517875,2,1.4329802910336504,0
56,1931.0397371894064,1000.0,12,0.5178557337486395,0
47,6677.524287818462,24987.01091358548,10,3.741957323789638,1
37,3345.302000719295,18452.466954287844,1,5.515934570427501,1
29,2658.0562425567755,4254.414242584589,19,1.6005734470434991,1
53,4233.077908484694,20741.683684383846,16,4.899905962706154,1
40,4193.264653307021,25145.083943921938,15,5.996541125562215,1
33,3989.9026976394207,21221.339573729296,14,5.318761178382784,1
48,7547.348495809389,7866.894569336556,9,1.0423388523406059,1
49,9023.651992885254,9144.06485971362,15,1.0133441390385296,1
33,2261.726925301071,10616.991881220416,7,4.694197059093299,1
55,3622.3352113508195,21888.67844963049,4,6.042698196743613,1
26,5285.496672089914,18831.678873344077,18,3.5628967420951816,0
38,4222.567018125545,37322.332972385484,8,8.83877812055506,1
25,5798.797498557033,1872.919506256938,12,0.32298411984950215,1
45,6831.97071189159,14579.21330745068,15,2.1339689413589547,1
22,6498.731884540082,1000.0,15,0.15387617427007766,1
30,6219.467135699664,19773.183237876114,17,3.1792407301870425,0
50,8318.191041839447,23535.156949178054,2,2.8293599931522606,1
25,1822.105434167781,26536.848934145146,12,14.563838313925807,1
53,7960.217583909231,16508.176742918313,3,2.073834863042929,1
21,4174.016731820513,1000.0,7,0.23957738175233578,1
38,6570.250441351253,14598.811433550014,6,2.2219566154844452,1
52,2940.667543441113,18494.319152194872,14,6.28915675743242,1
31,3183.0072162134447,6958.829962526825,5,2.18624385363636,1
41,6324.234582964054,12880.170691820465,4,2.0366370859355065,1
46,1142.5399545003088,4783.602923231625,15,4.186814565556038,0
45,6978.884156576625,10098.363765137103,7,1.4469883062352888,1
42,7519.927004683176,22299.732555226503,3,2.965418752248383,1
47,5355.56970765792,20441.303574330334,13,3.8168308303599052,0
33,5283.522071157115,3838.243924508468,10,0.726455548555677,0
53,3332.727710183096,9360.118818895477,2,2.8085459217972666,1
54,6348.898804807337,15456.735878205925,12,2.4345538263268907,1
61,5695.330492814852,16812.194548382977,12,2.9519260681347648,1
55,3156.9892079523543,9696.833947632447,19,3.0715448514066614,1
21,4217.040099823616,18811.65962657274,19,4.460868092613007,0
41,4681.329150608393,14717.742235881899,3,3.1439238221412302,1
26,4214.395606961626,1000.0,6,0.23728194817499615,1
48,2274.17717330005,10426.637381786399,2,4.584795549001287,1
37,6398.0406171677905,10198.194159115432,13,1.5939558326264345,1
25,4512.979088196211,20426.189603117942,9,4.526098881455724,1
51,5030.729551786619,20568.47389742438,13,4.088566814353928,1
25,3843.466825205147,1623.177832576961,14,0.4223212808634879,1
58,5950.54294794398,18507.77405597254,19,3.1102664442355312,1
23,5397.392368762807,14408.289236794464,11,2.66949079340273,1
43,7425.568778260837,16011.395264997895,14,2.1562516950718984,1
57,5961.197425877968,10089.383850450158,16,1.6925095965873314,1
57,4594.631196325779,14505.360617858552,10,3.1570239259808615,1
30,3520.566364994879,24202.61458062672,16,6.874636655418346,1
30,6731.90536783329,15897.4860727314,2,2.3615135989126532,1
39,4434.847802427084,14660.58635505685,16,3.3057698951998913,0
37,4656.564866807558,11166.373006430269,14,2.397985065348332,1
41,4656.056787414651,23418.047469951707,18,5.029588026772102,0
34,4196.7845786857415,4753.697466662319,6,1.1326998985854497,0
29,4690.922011540261,8584.243185736657,7,1.8299692820768143,1
21,8852.415125465155,4294.308945716899,13,0.4851002675375837,1
33,2904.3558917446157,16605.481400401324,2,5.717440292906593,1
24,3370.99157847678,24437.98085132355,15,7.24949329667745,0
21,7768.648836308499,12369.636659444412,17,1.5922507143883475,1
60,4250.391231009857,6444.755721801113,13,1.5162735314296925,1
52,4098.75743185021,28091.571869639767,7,6.853680008323649,1
54,7069.727713546868,18610.264533187197,1,2.6323877364508097,0
48,2159.608765436498,17220.19314907423,3,7.973755906474896,1
51,6642.908858506811,13478.474862615985,18,2.02900192516651,1
28,5091.232858643088,20352.11337485985,7,3.997482326959228,1
59,5929.604261663955,17094.84451422936,17,2.88296549986495,1
46,5892.0619105042515,11149.852572964954,12,1.8923515642439563,1
54,3744.0348270347245,12489.578985497115,16,3.335860792563423,1
23,7102.367560299813,6840.905591895728,10,0.9631866463986486,0
32,3899.7245770438617,5843.478499780022,16,1.4984336417444122,0
21,5817.698037997483,12626.782439225337,18,2.1704087006158224,0
64,7475.448971058273,24233.71913833179,15,3.2417744047420216,1
25,7757.803399692939,6726.694302709266,11,0.8670874932168963,0
50,4465.747328118615,21690.960234059283,18,4.857184842832906,1
50,5926.270548482021,8608.521170745606,6,1.4526034713266047,1
37,4281.022419592761,1000.0,1,0.23358905933856952,0
43,10007.59245453755,19372.798068712607,7,1.93581005189003,0
35,6560.252011747637,28030.14470059826,12,4.272723768904586,1
57,5168.116871673871,8154.119357855775,4,1.5777737927228386,0
41,5625.124346915485,2441.0327287987184,10,0.43395178101924964,0
34,5814.210830892135,18639.318008640177,2,3.2058207985175784,1
22,5873.487081566964,7614.6064362240395,9,1.2964370791111997,1
31,4520.003564706886,19293.172627767424,10,4.268397657562146,1
59,4211.34540152965,24211.836753630734,11,5.74919282204601,1
58,4696.293276547013,17644.939964823483,14,3.7572057207204623,1
54,2720.616589905585,21478.146466763767,3,7.8945877733948295,1
58,6436.548813948921,21532.897229077604,1,3.345410382410639,1
54,3396.5899147020546,22919.57369742904,7,6.747818922214377,1
38,2880.0998420305664,15361.686140459848,4,5.333733892235259,1
50,4971.291066871702,21232.611419149234,7,4.271045717005329,1
35,4739.754740620227,16315.213969250493,16,3.442206371867154,0
47,5499.268951577977,18130.561375481808,10,3.2969039221621212,1
54,3863.5892612071807,39413.69055934901,15,10.201314864156698,1
58,4214.914883538053,16932.804188685328,16,4.01735376788243,0
53,6384.2390101769815,3017.9205375730708,6,0.47271421586226126,0
44,6262.434400990387,13420.64657985887,4,2.143039866052159,1
35,6179.050092353356,12515.793954861812,4,2.025520713992956,0
50,5067.935224702965,12881.651185963086,4,2.541794757591459,1
62,5337.845246664549,22627.539410023724,17,4.239077448744502,1
37,5460.877775421007,24044.731181312236,13,4.403089058234508,1
25,3687.9165203820467,14154.918058420822,2,3.838188305020108,1
49,7948.093200292202,3865.0052118486255,6,0.4862808115670477,1
24,7663.176064975399,15792.76460146486,1,2.06086412051079,1
30,6588.491182001934,10652.890063234663,8,1.6168937271003143,0
37,4148.276827196804,16683.237711770555,18,4.02172719100915,1
30,6078.288235900301,14032.304862480709,4,2.308594840830591,1
37,6956.739875539544,24730.86094720869,5,3.554949788213928,1
40,2553.6061965577137,17198.46437171118,5,6.734971271175203,1
44,8389.023523396994,10678.466846228039,15,1.2729093936196252,0
25,1521.2247776884096,3915.742020929223,10,2.57407194410771,1
54,6409.21163941815,14615.886688812878,8,2.280450000889619,1
26,7906.564612504939,14644.501168430243,7,1.8521952182960288,1
22,4773.873071945938,12900.314010370676,12,2.7022741945487496,1
33,4699.071200353853,21202.590011228524,11,4.512081027763935,1
63,6335.3215852938465,3937.772071699377,13,0.621558356380852,0
63,8703.763783867744,8899.647491683365,15,1.022505632353981,0
31,4437.8647241172675,15423.340795889077,17,3.475396785321554,1
43,3438.0896162681106,10523.934248360205,18,3.0609831106681433,1
36,4152.449088784016,12146.326094588692,8,2.9250993413493163,1
51,1894.9720154275592,14517.989057086612,6,7.661321084897891,1
31,6795.515797430311,20487.719467309016,11,3.0148880641343427,1
36,3971.8338945722808,14195.410771602175,9,3.5740192436045595,1
28,4583.321691868889,1000.0,5,0.21818237235541751,1
24,6819.242262838013,10177.623927858293,7,1.4924860469207906,0
60,4246.179351180303,18966.274202400637,15,4.4666681818629765,1
24,6518.180790776794,21101.38911013244,4,3.237312647110194,1
45,2923.822992367426,21542.863025408835,19,7.368046246864462,1
23,6917.438856647996,23809.4213596965,13,3.4419417147163482,1
52,5683.81004253094,15947.49821671991,1,2.805776072280322,1
23,4822.841938360663,17105.319846957176,1,3.5467303439704807,1
47,5261.786975887591,6888.7316299233435,14,1.3092000230133432,1
49,2426.477410694527,1000.0,9,0.41212005337143093,1
52,5216.00148789394,3659.339331376814,12,0.7015602545110358,1
39,4716.660429286792,9385.299586476493,18,1.9898187981057704,1
41,2481.134779124873,4122.363589353516,9,1.6614831342646867,0
25,3657.8491461869125,12656.584479518857,8,3.460116580453457,1
38,4741.509484094964,11303.293914869952,14,2.383901994245925,1
48,3785.415630104317,22502.61611121646,9,5.944556241660665,1
62,1000.0,7246.908097697055,2,7.246908097697055,1
42,7152.775079217732,16124.655337471631,1,2.2543215967074857,1
41,4715.820249820669,11641.858452665278,13,2.4686815518695795,1
26,1000.0,6947.3714693850525,10,6.947371469385052,1
21,9269.92587935879,9178.308368255231,8,0.9901166943192542,0
25,7482.784662626378,1000.0,7,0.13364008789329648,1
61,4302.035897863329,20986.77461514907,12,4.878335540057317,1
32,3315.005017266598,26218.090029984196,17,7.908914132384161,1
46,5806.382421521044,12860.271063671062,12,2.214850853778621,0
54,5404.653629768282,15232.49669915449,16,2.818403868705933,1
34,6084.179849600747,12633.137276753128,10,2.076391163483133,0
46,3320.7594534899035,8439.269747759488,12,2.5413673787453535,1
47,7195.544041943266,20639.222881687012,11,2.86833389683667,1
29,4053.0757536489014,17552.546601212918,14,4.3306732141413145,1
46,6361.531497311134,1000.0,13,0.1571948516521023,1
42,3406.1214790859517,6723.114020727075,2,1.9738327191228813,0
50,10296.287971506972,1000.0,7,0.09712238068392325,1
63,6391.0466979305165,27443.31476310866,1,4.294025072918819,1
37,10768.464553147292,13625.369820434085,3,1.2653029364759163,1
46,6655.203952652093,16925.612493570236,12,2.543214695445268,0
56,3877.071286262632,12173.63891935821,5,3.1399058775349977,1
21,6658.761587178392,23821.573810320693,12,3.577478108870832,0
28,6801.155636386433,21885.64138075547,3,3.21792979764593,0
55,5746.648288995525,13276.166535835875,5,2.310245184355359,0
35,6260.784944064113,28743.9444454018,1,4.591108735120203,1
42,6523.454258815351,16482.54513786299,16,2.5266591109441143,1
34,3012.637978468517,3318.9993988894257,9,1.1016920793704688,1
46,2870.2831905400953,15800.149900108481,10,5.5047355439291685,1
48,3411.566002771133,19139.525261810286,10,5.610187593106424,1
43,5255.08478874102,13934.201979613805,13,2.651565586433111,1
34,4553.65765705316,11708.135638056301,16,2.5711497261814515,1
44,3048.8588681541028,29114.89052983975,4,9.549438589614688,1
22,6550.628421039293,5513.100330277373,14,0.8416139606652715,1
46,5566.0896402729595,1000.0,17,0.17965934158957603,1
34,5337.857982741708,27952.43224743876,5,5.23663843021193,0
27,4484.021389652129,5191.6208312828185,13,1.1578046534888597,0
23,4243.5437952688535,12707.055692014288,3,2.994444338286656,1
43,3317.337676382047,11980.542759502003,5,3.6114932901760595,0
63,6867.480585074676,24853.98792558816,16,3.6190838281514996,1
38,3593.014236693627,26478.851037014945,19,7.369536910430219,1
58,5418.780933385633,4660.996367158459,19,0.860155895663102,1
55,8324.020792544066,25855.277025483207,17,3.1061043298500786,1
35,4335.484510621299,25707.282529729455,18,5.929506256278946,1
45,6921.404281438389,15154.839527399763,18,2.189561382513307,1
57,6137.418032071346,22460.340442558867,8,3.659574812273073,1
48,5622.935126522107,23262.63963155805,18,4.137099060921665,1
30,5860.696883809505,12980.577190192806,9,2.2148521664808083,0
59,4810.186861458139,13739.467539597428,19,2.85632719379066,1
37,5069.551937586881,19714.624376595377,10,3.8888297465553903,1
59,3903.772103548551,1971.8002669135112,2,0.5051012750260533,0
42,5082.914242268178,12169.546667883289,17,2.394206568878251,1
46,3829.5480084330056,5397.130029573213,13,1.4093386524175313,1
64,7011.310186153194,26388.625623992157,11,3.763722460333832,1
45,1601.0051426431119,12075.339003981384,16,7.542348667316654,1
37,5962.1065822509645,17210.989784746816,7,2.8867296394840514,0
33,5673.173402844559,13252.704512219918,3,2.33603021997793,1
40,5492.031928352068,12732.127316334136,16,2.3182908407006515,1
45,7048.997897730973,16687.730300692965,19,2.3673904493665177,1
24,4427.752819914105,9154.850681582926,16,2.0676065385602356,1
30,5510.8676891441,13412.141188259418,2,2.4337621486866934,0
23,1566.916223627094,13353.256022119296,14,8.521997424475707,1
61,4169.366235729553,11614.27760105367,10,2.7856218294101023,1
38,6711.472862350448,18128.455261961983,19,2.7011142909714687,1
56,2321.6765289270365,11424.03254388415,11,4.920596130229981,1
42,5319.48673410149,27888.91985929566,18,5.242783985249726,1
54,3644.9658562324057,20031.71286432422,11,5.495720304230741,1
28,4778.02605645653,4205.519562068772,9,0.8801792858341299,0
60,3764.6450224768055,19407.023552308972,19,5.155073967516028,1
64,2505.608791413139,9484.162419936822,10,3.7851728699386653,1
39,5772.006629919601,16085.521403243629,3,2.78681616889752,1
62,4900.806475950508,9150.436474981208,3,1.8671287103224146,1
61,6225.258239374399,1000.0,8,0.16063590642313563,0
57,6588.875815997722,14826.13205657285,6,2.2501762775032357,1
26,7450.51747417803,3524.673929216324,1,0.47307773472542314,1
46,5266.97349088533,18357.723109850594,6,3.4854405744815757,1
54,7537.242049206417,16398.278606452164,2,2.1756338060257345,0
26,3048.450985218092,10168.923648475356,19,3.3357674759359313,1
57,6817.919658456262,29604.296304191903,7,4.342130413266708,0
53,5918.780832655707,5085.700261564958,11,0.8592479440200943,1
42,5466.185305029574,10005.29878995067,11,1.8303987573828762,0
41,5889.464468326234,6034.467340930016,4,1.024620722882974,0
26,3078.522243329076,31330.528258073766,16,10.177132332230064,1
26,2606.5063801499546,25817.953133168623,5,9.905194681197479,1
24,8419.656372153997,3623.025085356552,7,0.43030557604926045,0
50,4662.555643605459,8395.351666771276,16,1.8005901287816741,1
31,4634.013156386599,8666.730732359216,15,1.8702430139661395,1
50,2795.3810515174164,10594.183857897155,5,3.789888985670242,1
51,2036.443389006326,6657.754769333484,1,3.2693051057913802,1
44,4823.362242375436,10153.991703909694,9,2.1051688000337707,0
29,4316.824156982544,23038.978152479984,5,5.337020298872726,1
23,5003.468713484902,30575.298688631898,6,6.110820400700835,1
51,5174.30788076435,2644.8145689806133,3,0.5111436408360611,0
60,9978.922162521387,6671.143013862296,6,0.6685234041525674,0
57,4322.84003852209,16708.475555041867,8,3.8651616544095457,1
56,8159.880215886893,2357.5548830715925,6,0.2889202807758804,0
44,8284.04843008989,16915.4561711298,16,2.0419311057729117,1
51,6507.2485705439685,19320.822297037834,16,2.9691231382333263,1
26,4529.747334901776,20605.220400215796,3,4.548867492332793,1
22,2277.0553277345416,19097.15621196989,17,8.386777422299081,1
40,5955.887754667813,10718.011622748785,6,1.7995657514446521,1
48,7037.624159401888,13546.643508266363,6,1.9248887410631006,1
31,8495.374928565969,5563.779310853637,19,0.6549186301531262,0
24,3100.0840915064364,18714.709237101008,15,6.036839222644084,0
35,4512.947221629465,27826.882137080975,19,6.166010983623618,1
26,3112.270819154306,18697.60719253911,2,6.007705716824409,1
50,3733.044015126155,9439.994113383571,8,2.52876582090462,1
58,6328.775068471254,22958.334821593806,7,3.6276111211421997,1
22,3641.3904612685283,33925.17355823149,8,9.316543754116713,1
35,3351.457645365981,16945.19817290892,13,5.056068124966113,1
31,6593.991727444549,19435.782750837345,15,2.947498807125367,1
28,5901.477580087094,20421.60875252835,12,3.460423000069581,1
46,5700.022395870349,2164.3418731861,15,0.37970760864977654,1
64,3694.2252836018683,11711.02261851772,14,3.1700889143120903,1
25,7586.0465564294045,10889.06862775622,7,1.4354075666102266,0
26,5028.980394639582,21678.933191167584,17,4.31080089599778,0
46,9760.38027750954,20746.954463152655,5,2.125629726841591,1
24,5322.332338940088,14034.106058136418,10,2.6368338473450588,1
39,1000.0,10408.975527930277,19,10.408975527930277,1
40,1000.0,1507.2323223457333,18,1.5072323223457333,1
53,6247.899883690938,14876.699771133903,10,2.38107204789996,1
40,7600.9883046616105,7363.455081769323,2,0.9687496923595303,0
32,3432.3437401523006,6371.9892833751,6,1.8564542964721713,0
21,9201.957545554302,22410.150112980693,3,2.4353676923675445,0
46,8325.997873988206,21575.35836037427,19,2.59132402949312,1
34,5421.093526882296,11091.246735204,5,2.0459427014502447,1
58,6078.907884712263,2447.6457495389277,7,0.40264563897973654,1
57,6789.060434777033,8393.507358050349,7,1.2363282723268332,0
31,8779.989794641031,22946.03169061754,10,2.613446282662301,1
56,6364.271933491163,18741.74893580993,1,2.944837859171901,0
33,5375.863304542298,11225.561620621138,11,2.0881411942033905,1
63,6344.602395173298,15470.025415015258,7,2.438297067564737,1
23,6074.720562898452,1000.0,6,0.16461662551320164,0
53,6848.820374549988,1000.0,6,0.14601054565775592,1
26,1859.9534138409267,30817.012164168464,13,16.5687010947921,1
30,5631.70689989491,19052.209746717246,16,3.383025801124836,1
25,5920.881015159473,15013.296514074034,13,2.5356524604421,0
43,4854.305665895656,11824.350527933904,2,2.4358479547357104,1
30,6568.332888435118,1000.0,19,0.1522456332505167,0
64,8842.335241138082,22945.713019888713,19,2.5949833832510754,1
22,5276.434262208881,5904.889894956823,19,1.1191061238550997,1
33,6383.442161415381,20633.461162667863,18,3.2323408971082257,0
60,8212.529520903106,16056.006124340493,6,1.9550622111584037,1
22,5323.129011883711,14583.244287012103,2,2.7396000086519576,1
40,3223.0735952823816,4581.069447483176,19,1.4213356636312915,1
21,6231.557698175849,4687.599962619155,6,0.7522356671737706,1
57,1000.0,18119.475090500706,15,18.119475090500707,1
29,1000.0,15633.734595360149,6,15.63373459536015,1
37,5666.024094232516,15377.33658610703,3,2.713955382180553,1
29,1000.0,17288.3327401095,11,17.2883327401095,1
31,2369.6645151436182,1000.0,8,0.4220006644862102,1
35,4239.802872979355,23121.150719523896,18,5.4533551233895965,0
44,3557.1673005082266,12152.802075085143,17,3.416426906136471,1
58,4704.386992905765,24357.160176963494,19,5.177541774027986,1
55,7225.740281536993,1000.0,19,0.13839412448232766,0
50,5476.961622727862,19552.208044219442,17,3.5699005015998715,1
51,3321.3591964410816,19476.63438235409,4,5.864055415392524,1
25,7708.882145568552,3110.9386131467436,7,0.4035524936563034,0
64,2142.285526911618,9885.951059182908,5,4.614674811081223,1
34,5443.767017544199,6523.948832398408,16,1.1984254306572992,0
31,1919.828049976591,21905.70098004202,6,11.410241130870611,1
29,5504.635811461078,17471.107863113946,14,3.1738898741925388,1
54,4362.745192214805,27790.790607214032,2,6.370023776957203,1
32,7164.475823052735,16623.631474255726,18,2.32028579407956,0
55,6441.378942388459,20857.953495116464,18,3.238119303594697,1
55,3825.7213360166743,24376.08593104406,13,6.371631331733206,1
21,3442.120718367518,19435.41381206182,18,5.646348690896403,1
60,4369.806533935782,11926.534376385765,17,2.729304898000557,1
42,8751.14292006868,10437.644437907711,13,1.1927178579121864,1
49,8238.136962216162,14362.132579771705,12,1.7433714255593187,0
28,3063.4636292626988,21372.670318480723,3,6.976635894849714,1
31,6600.450676002696,8871.175505176387,7,1.3440257250053214,1
61,1537.1371422054685,20217.228209437584,1,13.152520783168452,1
57,4105.31507788527,17581.058546482443,5,4.282511381693705,1
34,3144.8712942750826,4973.551014404147,1,1.5814799872598886,0
50,7138.558915144882,19828.28207352342,4,2.7776309349295314,0
55,2418.564960423176,16135.36810281882,1,6.671463602117024,1
41,5858.700470844944,10595.806310477656,13,1.8085591443369222,0
57,5001.420243131927,16019.428581714152,14,3.2029759154337056,1
25,4649.10234054098,10906.79181372743,15,2.345999510188948,1
39,8343.165901488795,16981.376517518216,17,2.0353636398969335,1
34,8519.394384668623,13656.31704282758,12,1.602968054560696,1
46,4711.214363094057,2760.6061439230707,7,0.5859648768157647,0
24,4308.167398800012,13895.715024942076,19,3.2254352578807777,1
45,1986.253362393666,11458.52883655352,3,5.768916017211753,1
62,4991.48202552158,20084.690834390356,18,4.023793080230841,1
45,8906.606511491982,22038.147967565954,4,2.4743596721299697,1
38,4742.529320944153,10927.98590535592,3,2.304252681600786,1
60,6457.518566287559,8684.836187313987,12,1.3449185005296729,0
28,2205.0053521614714,1558.7676179283117,12,0.7069223738619588,1
59,4130.4501405327965,8487.703015860738,17,2.05490993162452,0
60,5924.930611605302,12413.849804861837,6,2.0951890610409065,1
34,5211.724796096106,4285.893310766287,15,0.822356029615508,1
52,6649.334668821123,22145.092738641757,2,3.33042234172399,1
58,3794.6562308826724,17097.295683525557,8,4.505624394742226,1
53,1500.0229023526695,14036.666287840808,14,9.357634650661257,1
43,7244.18046064454,14866.629564838917,5,2.0522168995657766,1
35,3127.701421458183,17448.359628680904,3,5.5786525877991915,1
53,6013.208055003968,20064.759822956068,10,3.336781238802958,1
45,5901.71373297683,21472.061094778124,7,3.638275603711398,0
37,1672.4936099360161,12526.952037495354,11,7.4899849919155095,1
53,7098.250834480051,13864.520425725703,15,1.953230556234814,1
22,3866.8656109420617,16383.76084755331,2,4.236961533183935,1
34,5110.109243973923,13537.909376122947,5,2.6492406971705105,1
60,4283.6348720688875,21978.539327094964,11,5.130815296701487,0
60,8245.183004465818,24818.579505104783,8,3.0100701817852142,1
59,7686.980416368126,17752.586516225292,13,2.309435637226831,1
26,1375.330832458556,7734.466869654102,11,5.62371371826798,1
26,9517.654243816378,19067.208966656603,17,2.00335171652664,1
23,3643.3865349696075,18069.59243368661,15,4.959559536231678,1
27,9204.873353963676,7063.663797460026,1,0.767383050894271,0
28,4487.580855720031,18060.799674629816,19,4.024618219771767,1
62,4318.166587816129,10646.475850831903,16,2.4655083666460063,1
35,4505.344533844355,20968.75052061826,19,4.654194671040149,1
49,4198.420710041019,19002.1641744,13,4.526026686404743,1
53,10048.793075646445,16783.89231068579,4,1.6702396182644126,1
50,4847.273601358732,15308.373871113354,11,3.158141076835912,1
59,4395.407134922621,1000.0,18,0.2275102099313502,0
47,5154.021514985888,5285.7991627413085,18,1.0255679273693876,1
56,3065.3296061505894,13953.590241681031,10,4.552068467183147,1
49,8194.2410685805,27155.06838242829,17,3.3139211008265343,1
58,2057.8383286137373,19517.448545062238,13,9.484442132152415,1
53,3771.98278585719,29512.37063247132,14,7.824100031189453,1
57,6873.320619693584,15663.897549233943,7,2.278941783154042,1
47,5084.704261534864,14753.193889397819,10,2.9014851465411353,1
53,6098.430365000093,26401.001492696316,3,4.329146995629573,0
24,8066.32823337086,13726.28556128521,2,1.7016770411720643,0
42,7007.60309666496,7108.240748150532,19,1.0143612088323706,0
22,5274.952690282291,17534.032940938916,7,3.3240170993838007,0
30,9178.685299703597,23980.11185593915,5,2.6125867782735215,0
25,3743.3277024075333,8392.419895350326,3,2.2419677256556283,0
30,4799.380718014894,19712.348317424265,2,4.107269140668971,1
53,4939.119336994468,14254.107930685363,6,2.88596143525441,1
58,4795.1564679660405,18610.79827653645,14,3.8811660059198414,1
33,2861.5786860776793,17508.271016360788,7,6.118395800731623,1
51,1832.7003496790035,11685.564866913383,2,6.376145925306394,1
56,5834.403148758387,14150.497111611661,11,2.425354702241139,1
44,3733.052428898686,12174.177386129562,3,3.261185750268488,1
35,8815.61757796256,15949.985760317788,9,1.8092873947016317,1
49,4854.915353529521,8231.222389283508,8,1.6954409685638316,1
28,4497.02148501702,10143.320516041409,11,2.255564166156751,1
25,7188.679572805308,11688.316755845663,18,1.6259337528497486,0
49,5804.385274895443,18133.623244971113,1,3.1241246723233345,1
24,4648.9651444259025,3675.728565694566,15,0.7906552214317535,0
32,3718.5365044711134,14142.962921272545,4,3.803368046613837,1
22,12315.403607998149,9334.328019571849,4,0.7579392699326344,1
47,5723.571524523477,11708.704690520537,10,2.0456990255739593,1
51,7168.859154768792,9718.646419879224,11,1.3556754582651118,1
56,2954.1089595330095,16556.575847330474,18,5.6045921373014504,1
56,3844.0292271526505,13743.0936406488,15,3.5751792789641677,1
46,9224.691776580577,20692.8817892367,3,2.2432057666979492,1
63,7793.86187871127,18213.851243333116,7,2.3369481685432194,1
47,5915.244207466567,2703.631324879636,7,0.4570616579898687,0
25,4236.858216405953,7320.007541637369,17,1.7276970735751442,1
40,4531.928456086848,13615.141711007904,16,3.0042711051012647,1
31,3647.778529487742,14656.518447975399,16,4.017929907064181,1
30,2686.3013397227173,8025.753842033415,8,2.987659546364162,0
60,6847.688368522028,25431.79496411638,3,3.713924115037591,0
58,6077.6624455841165,21917.501926177883,15,3.6062387673574423,1
26,6472.157632684546,1842.0732600195497,1,0.2846150178291451,0
28,4326.204024075471,17763.41088286788,10,4.106003966529063,0
43,5511.277950266327,14633.627706220435,2,2.655214967975491,1
46,4135.912470051731,24951.000324570086,7,6.0327679817310065,1
63,3545.3838744593872,2440.928579650943,14,0.6884807586662656,1
32,8334.124872284352,31478.838489920403,16,3.7771018520019095,1
46,5243.014593681486,8256.434707200378,15,1.5747495185595048,1
33,6014.908676573081,18028.214551456196,7,2.997254907904528,1
60,6671.508027715003,10149.144184754648,13,1.5212668773825546,1
38,5268.081772466048,11990.728649911813,10,2.276109059768603,0
45,5481.265488050309,1484.6560841580686,9,0.2708600937857805,1
53,2826.7496460925854,24575.094111332495,9,8.693763929643588,1
60,3207.7699431268293,12842.82118206795,6,4.003660302879822,1
63,3104.3704897431066,13386.736698402588,12,4.312222636644884,1
32,6210.91683364107,33499.85524412863,14,5.393705332307561,1
64,5141.78130564413,22675.5416719727,7,4.410055644934134,1
56,3207.9368724688243,9653.109790621447,8,3.0091333384601255,0
24,6160.197683270414,10117.952797084186,8,1.642472095426753,0
25,6086.912921908212,17078.409684758913,8,2.8057588310964254,1
57,3610.0680174012705,21165.83930811019,2,5.8630029146504965,0
28,4944.344910741453,29019.536398465134,14,5.869237871213433,1
62,6094.283350120953,2135.2051296894188,10,0.3503619715428954,1
48,3283.2892917611534,20816.154458832654,18,6.3400305635775664,1
51,6132.453529791901,22101.354491480375,18,3.603998690591034,1
29,5602.047208327123,8683.94518931688,18,1.5501378096936942,1
49,3001.6005889979474,12117.920787781748,16,4.0371529883751744,1
34,5439.593469996204,1957.3468435538398,5,0.35983329532808006,1
60,5731.297173311809,10992.850434790162,5,1.9180388143157447,1
61,3747.997747722402,16856.752677779536,10,4.497535434225678,1
42,3905.432700267582,27752.939692176187,17,7.106239390650538,0
31,2983.1601381376204,28490.923671589215,13,9.550584733066335,1
43,4102.002061752211,6765.603987084913,17,1.6493419274867251,1
21,4975.835979125704,26662.87343885447,18,5.358471129415998,1
57,3910.9556826113585,1000.0,13,0.25569197944280886,1
41,2030.2242035122254,10320.560651453741,17,5.083458582357303,1
46,3622.8239507267463,12585.519143385616,15,3.473952727087645,1
56,4165.415786375996,17014.315126034777,12,4.084661891781423,0
43,6633.677419264503,15852.082724375092,10,2.3896372588663892,0
21,6189.529829553861,17925.588193744476,13,2.8961146787197154,1
60,6672.442157750004,13536.340595918271,11,2.028693584131844,1
35,3521.962206002064,22676.709507035997,3,6.438657822162533,1
41,5283.101558158686,20534.685099285743,10,3.8868616991801073,1
29,1000.0,12683.497028423099,11,12.683497028423098,1
29,5857.8407963619775,21739.14952152278,6,3.7111198950684896,1
30,6221.795347801595,31547.482724168636,1,5.070479011386255,1
46,4296.749664278152,9613.932361682648,6,2.2374895241419135,1
61,5590.859623443563,28402.692127472605,5,5.080201264287622,0
55,1970.1514492598944,10332.19746720008,7,5.244367112529073,1
45,3397.8660192003517,26282.60764760398,12,7.735033547258372,1
46,6530.898476864551,10632.51199717387,12,1.628032044111407,0
31,6022.5065570791485,21125.29940125008,7,3.5077254297744798,1
58,4176.290977910465,16437.06488478375,2,3.9358045145139178,1
22,6622.724634809421,1000.0,1,0.15099525575077402,0
27,5276.596233599822,30324.41897988521,18,5.746965967717632,1
38,3991.558072155681,7836.384087935627,12,1.9632394033299154,1
47,4634.345378793412,4843.20550914567,7,1.0450678819295587,1
54,4089.164617376929,9884.489754627932,19,2.417239382494834,1
47,2632.448098362944,35249.977866104935,3,13.390568987105974,1
37,7513.371611804203,4970.291299358898,10,0.6615260839155234,0
63,3863.951133414818,16425.94814146902,11,4.251075537529474,1
64,3335.2785714061774,6014.70138927078,5,1.8033580285723896,1
44,1941.3033589732822,7386.334094680424,2,3.804832490779243,0
45,1000.0,2204.619446963594,8,2.204619446963594,1
27,6402.993736237974,17521.345630387365,14,2.7364302312564632,1
26,6587.217374072424,13710.241190009465,8,2.0813403310438146,1
44,7386.077169189417,5949.070051413684,6,0.805443798533527,1
53,4701.9213676596355,21985.62774366753,1,4.6758816289203065,0
49,4356.0149454128095,22829.76572166197,1,5.240975067292485,1
63,3984.5537733937176,18257.74886544617,8,4.5821313762558935,0
42,4166.884740323594,24365.35951339311,11,5.847380244911918,1
46,7239.580701480374,12207.917872282367,18,1.6862741608483003,0
48,4946.969502542083,17578.997572675806,10,3.553488163539828,1
41,5756.141592002806,12238.802741695668,12,2.126216415297955,0
27,4115.986336079192,2941.3350564985467,16,0.7146124443407178,0
37,7641.695812441414,16753.971206650862,5,2.192441523172617,1
40,1190.5222411305213,16269.423250995666,16,13.66578690335613,1
61,2558.9516505639085,14758.445536463547,12,5.767379595941671,1
40,5759.421048469116,17991.003121947517,6,3.123752017875064,0
42,8501.22150246187,26295.21946967888,5,3.0931107326240164,1
48,4549.799600482459,13364.640147354607,1,2.9374129238433766,1
60,3315.2583885453128,7342.649846070192,19,2.2148046955978113,0
27,7001.325410316687,13017.991924335953,10,1.8593610725697032,0
21,5647.396884029799,13905.279733097579,14,2.4622458840143038,1
52,7580.427623988488,22868.70859158554,3,3.0168098326296042,0
33,2419.2978305113165,15853.304826600954,6,6.5528537357677745,1
50,7423.3369720218525,5814.485135846075,5,0.7832710757655955,0
43,1903.0850864634567,21443.662908567134,17,11.267842442303168,1
39,4423.655707690265,20161.02271035073,18,4.557547884050284,1
52,5825.565505647853,15856.819614116917,12,2.7219365396790787,1
50,5372.026756398188,22585.97170910256,5,4.204366942551474,1
49,7121.184671964734,23924.856089947134,9,3.3596735925325008,1
49,1346.6799659815529,11980.476077713767,12,8.896305269516334,1
50,5282.014959398073,7798.710131921582,9,1.4764649838875703,1
36,7399.284065567894,14904.988642390004,3,2.0143825416501357,1
60,5118.588454144193,19292.89380348664,1,3.769182456516195,1
39,2715.3206404665953,14157.160490373115,15,5.213808004619438,1
38,7015.014789653305,7092.611337954421,10,1.0110614946123229,1
21,3703.379459712609,16301.375780165754,14,4.4017568163081995,1
34,3351.353975874243,1000.0,7,0.29838686310034956,0
22,3099.728494232986,12404.311422323728,4,4.0017412639209615,1
48,4602.629774102075,21809.327195921313,5,4.7384491619633,1
50,5366.120440745742,22243.506939638206,16,4.145174746869262,1
58,2461.799890593841,1000.0,3,0.40620685857564875,0
24,2872.7082465401118,13459.327164374456,17,4.685239853571925,1
21,3611.034248275564,19794.206361770066,13,5.481589207087336,0
28,3090.0227042267193,5591.343420541485,6,1.809482957161871,1
49,5073.5164530988595,12024.362600749375,5,2.3700253486721223,1
59,5722.443192801761,24661.734047276048,16,4.30965117806638,1
23,5447.747620533186,11126.692667378053,11,2.0424390853644305,1
52,5450.663777495605,27789.133351242446,17,5.098302607835886,1
30,8341.983430577222,9070.514268399875,5,1.0873330478159726,1
30,5847.36719925431,26279.04137294425,6,4.494166430371519,1
39,6567.928495778494,15268.50843896973,10,2.3247068613465407,1
54,4170.7685004460545,7973.381702397889,1,1.9117296252585474,1
53,6888.012285322982,26305.712663354443,10,3.819057163908783,1
43,4075.294952413356,5348.200371347593,17,1.3123468199965338,1
48,5822.896655177181,8632.222047525363,3,1.4824618327804926,0
52,2257.266263635235,18919.35525831583,2,8.381534585931826,1
27,5332.468263976243,15646.539156020928,17,2.934202020801869,1
49,3049.239529661325,17191.710050023023,4,5.638032002009525,1
28,6872.071308967815,12053.453414750074,2,1.7539767666585089,1
21,6751.752923997568,5404.851909086676,5,0.800510914710217,1
23,4066.7452248818145,9781.953895589639,10,2.405352033301746,1
44,9099.149857249078,25563.194251573368,1,2.8094046864397746,1
43,4428.24340761305,4304.152831611393,1,0.971977471746851,1
28,1775.9621986549455,28155.73946679956,4,15.853794347719663,1
57,3441.76405927464,17526.871892468338,7,5.092409471020558,1
23,2911.717955284298,10225.560753175225,14,3.51186512918172,1
53,5759.204203572509,1000.0,14,0.17363510038065452,0
48,2529.273946655095,1000.0,18,0.39537037944129233,1
28,3921.5719683875095,12152.928801120794,2,3.0989942041323526,1
54,5629.10434107354,11183.647473939423,1,1.986754338933885,0
55,5277.291789423605,15941.98859570436,16,3.020865480217377,1
52,4974.7123753164415,28753.154674709498,18,5.779862734854196,1
44,5252.001038088135,19300.752130161927,16,3.6749330379393648,1
34,4258.999804984691,13970.489738043429,6,3.28022784168539,1
52,1792.495888667339,24734.754853920174,10,13.799058067748005,1
63,4206.32355851071,16205.231413912845,2,3.8525879401560976,0
36,5937.499568630571,27797.671950081432,7,4.681713510674445,1
24,4726.130022781192,9623.309653061104,17,2.036192319439841,1
57,5782.976746261002,5817.673825139211,3,1.0059998648448039,1
41,3826.433940981029,1000.0,12,0.26133993567483826,1
34,6988.672159755857,14156.709940172732,2,2.0256651931240803,0
51,1000.0,5122.867813143284,7,5.1228678131432845,1
38,5282.881025846709,5009.574940082541,17,0.948265712510464,1
27,7697.760694242557,23274.555331214575,19,3.0235488287681487,1
30,7995.397032082926,1223.187002612558,12,0.152986399262514,0
27,4536.347661515049,15828.467779978568,9,3.4892536818247692,0
53,2347.603688714232,14334.138317834746,14,6.105859513998918,1
43,7732.945684686718,15737.049186653043,2,2.035065268571144,1
41,4896.269666388878,26072.8197499678,4,5.3250375339716856,1
39,4682.060921460239,8394.469571112922,19,1.7929005435697873,1
39,3214.2907182445388,26079.587896786805,16,8.113636936683182,1
56,2500.225038283485,1000.0,17,0.39996399711545333,0
49,6127.726337848709,20205.928296531718,2,3.297459315656305,0
38,6339.742909517321,26810.987030968867,17,4.229033797367365,1
22,5403.088003598843,1000.0,19,0.1850793470944631,0
21,3471.908436812314,14716.85659895935,8,4.238837765108642,1
25,2870.0023497817006,14066.154840671312,6,4.901095234901539,1
40,2135.502689560214,15574.788073643542,12,7.29326549190674,1
31,3878.909647844054,28692.463367920795,18,7.397043492329971,1
62,2988.292870502072,8890.953069371395,2,2.975261614126061,1
22,1581.3806094179095,5523.931758564091,19,3.4931070519432987,1
23,6302.690024706097,15632.981462073398,10,2.4803665420309775,1
43,2361.8722770300656,23994.507530448056,3,10.159104606884133,1
32,6967.845362861468,19469.07906483856,12,2.7941319089267562,0
40,5788.143420226927,15274.575974648431,16,2.6389422074910476,1
25,5588.682375236798,13166.151977502646,12,2.355859770424828,1
57,8330.618092120183,1000.0,8,0.12003911221736191,0
58,2428.3947318709506,19686.900228937688,5,8.106960524399575,1
50,6747.543992097591,20642.724663668683,11,3.059294565229138,1
29,4404.714853957141,9461.331454773866,10,2.1480008964198727,1
54,10142.14031325908,11282.241065656697,3,1.112412244080979,1
64,4238.411137721581,6614.16783231613,9,1.5605300234916972,1
55,3915.3833277487633,21944.98778231439,12,5.604812082328641,1
42,5851.071549714533,12073.069754444981,6,2.063394653759449,1
64,4582.182935582721,13805.562661423926,19,3.0128789826825755,1
44,3483.074075400262,20034.112930751435,16,5.751848079328944,1
37,3059.4464321283253,17615.79242743567,14,5.757836529656484,1
30,7916.408976774806,19506.249078136214,4,2.464027456813276,1
50,2673.0767362000165,16398.698448283976,18,6.134765316014079,1
43,5446.175120761,16576.946680981604,10,3.043777754738318,1
52,7112.36827925219,16501.10283491403,18,2.320057424901652,1
37,7208.989970885266,18623.326074792083,12,2.583347480022244,1
37,3796.6951956371204,19012.056733712107,19,5.0075277982702815,1
34,4587.630398748474,5202.336314031589,8,1.1339920311476723,1
29,4199.612997971255,10222.445989718144,1,2.434140001627863,1
60,1929.9624746682503,13373.133891984036,14,6.929219644170959,1
22,6075.03476604023,18614.546051964393,6,3.064105271630823,1
45,5077.007291269618,27779.386902609942,14,5.47160665898179,0
59,7881.170161203758,8494.21574693359,2,1.0777861121115797,0
29,3353.589805397154,22029.213403041504,9,6.568845530120718,1
42,7177.393117235391,10448.427901756564,12,1.455741343840606,0
63,7318.468300568409,25964.134685157238,5,3.547755297804687,1
24,5094.143373615775,30298.75145437563,2,5.9477618182681535,1
46,1000.0,1015.8904509706954,19,1.0158904509706954,1
49,3974.8646851114195,12389.331474341048,7,3.116919054061777,1
54,8571.742248608234,1000.0,7,0.11666239732796058,0
43,5594.111542983819,1481.3118035271582,10,0.26479840313249237,0
57,6386.799411743772,1979.7980779703648,17,0.30998281773653286,0
31,4821.666836730064,19992.527798490293,14,4.146393451781654,1
26,4553.114180273743,18495.869154616827,11,4.062245843679856,1
38,1265.3108626009875,21409.95563728839,6,16.920708001571914,1
41,6589.478434110613,19863.332146999368,8,3.014401267963226,1
62,7159.362409444753,18880.51857172997,19,2.637178772626801,0
56,3098.2754290666235,15894.856410757455,19,5.13022704877658,1
61,4642.289756983385,13952.957557236941,17,3.0056197022703164,0
58,4372.517445291419,23156.781856358204,18,5.295983868811038,1
54,5840.306587972573,15098.223112192309,12,2.58517646030524,1
37,3911.27283698181,19201.43185270878,9,4.909254008351369,1
57,6862.681846366005,1000.0,16,0.14571562872749666,1
45,5142.648632248978,5599.44735312736,18,1.0888255748241962,1
58,1000.0,22841.79402916212,16,22.84179402916212,1
32,5885.440550385287,9652.520532534523,16,1.6400676295851169,1
43,6992.701975181569,3837.1398573407405,4,0.5487349340726204,1
62,2695.8766794701223,20130.338651850958,7,7.467084383031794,1
42,5817.453869949149,15010.674602227431,1,2.580282532151586,0
41,8659.91933950842,11744.486629491323,1,1.356188916900235,1
47,5224.132750356477,27072.887749928734,8,5.182274081393007,1
51,7283.2577286589785,25699.472863323343,8,3.5285683715678737,1
26,4115.69005952696,13497.30240307945,10,3.279474938069261,1
47,4964.0714230856875,20779.00243855437,1,4.185879022997226,1
60,4590.757424147309,1000.0,14,0.21782897844700227,1
54,4225.759147304887,23746.87226317823,14,5.619551762272954,1
32,4704.555909833847,6307.307930111681,10,1.340680831729012,1
27,1738.636438151365,3382.864516665368,19,1.9456997693331772,0
30,4338.239731233407,1000.0,16,0.23050823881410756,0
37,7675.61291085357,1000.0,9,0.13028275547689058,1
46,3072.6198862963333,23642.60432720353,16,7.694607599413084,1
41,2867.733457053379,20049.15767427884,8,6.991290499807999,1
48,5122.42474278951,8873.122859124322,7,1.7322114632556418,1
22,5222.3662867144885,21839.192293905668,11,4.1818576283061155,1
63,5754.929438107973,10240.148566326632,6,1.7793699603888191,1
21,4772.522853630722,17589.195531908983,15,3.68551310729249,1
56,5143.728328916667,11141.527784816859,19,2.16604125886318,0
46,4298.230452742002,14040.294969061655,14,3.2665291271445964,1
49,2448.407689400072,7734.424737858847,15,3.1589611368007087,0
41,4857.216263378698,8921.458969591502,6,1.8367432055384127,1
31,6449.193992884928,19352.769447621,10,3.000804359269072,1
60,6030.1092527046685,20638.231734089997,14,3.422530317312773,1
31,1511.5157461214253,11687.007081755111,16,7.731978387750288,1
56,5503.850726618166,2795.6780458516587,13,0.5079494675120776,0
59,3214.4609482856617,34769.97635928985,11,10.816736279790053,1
60,7784.328010442764,15293.57326584991,3,1.9646619779296823,1
55,5652.53956585676,17497.12663525922,8,3.095445229777382,1
54,6792.567920261214,4909.361612699344,3,0.7227548800881994,1
44,5042.33628882972,24721.86839187546,2,4.902859899813065,1
42,4867.890002205046,25943.162105268842,14,5.3294470691649085,1
25,7991.6898353064935,1335.7211388774867,15,0.1671387611887042,0
53,6945.548793250033,14180.914978996656,3,2.0417270688211486,0
56,5235.717304495096,13556.504235042903,1,2.589235332359148,1
40,4600.667147725204,34107.574532374725,15,7.4136149034905054,1
39,1585.6505489382603,26548.91045702316,2,16.743229127502346,1
55,5649.135069748279,3393.7726882466322,18,0.6007596997318486,0
63,4747.792061360571,9175.582563605802,1,1.9325999211887055,1
37,6107.912094164552,7856.047878555228,9,1.2862084059888206,1
63,6715.637683069573,17973.4110148074,3,2.676352099833972,1
54,7465.842190094494,27577.67104611522,2,3.6938459645858353,1
29,5673.985821788809,15873.392260402557,4,2.797573479906623,1
46,2907.2790697435894,19009.329891502624,16,6.538529475665084,1
22,1000.0,9685.53036525485,1,9.68553036525485,1
29,3350.600279286417,18966.461585275767,9,5.660616010369069,0
29,7666.976999010136,11224.65732788396,8,1.4640264773630007,1
60,8646.982938598881,1873.923749354868,6,0.21671417217558547,0
37,4524.1984964616495,18446.965673080933,18,4.077399717874493,0
21,2078.0814914352973,14921.180627107098,16,7.180267322818644,1
45,3703.17284999432,6222.419654521947,8,1.680294144123327,0
63,7275.611645395742,28163.082600831993,4,3.8708886583651787,1
60,3817.973652945787,8868.36808430628,3,2.322794469119456,1
62,6178.247895335028,19872.810515510682,15,3.216577070420875,1
45,5337.11660259607,12099.614475598686,6,2.2670695389554005,1
59,6420.006518074108,27348.617750860656,1,4.2599049820068995,1
55,8636.021997894077,13099.296690171474,18,1.5168206719906203,1
23,6179.562951068677,1602.975291117984,11,0.2593994597693628,0
57,5293.832553275859,21480.016913752755,3,4.057555031743642,1
64,8856.747131617838,27316.35190151787,13,3.084242046834645,1
64,5699.104203250123,11579.108819232053,17,2.0317419029869015,1
50,3414.105005336799,20431.07847721959,18,5.984314614015242,1
58,6374.930579538971,16035.452840390231,14,2.515392542760819,1
54,5894.911084265941,11938.272356595906,7,2.0251827696706486,1
32,4384.1953154588,21726.083020976297,7,4.955546333524307,1
39,3964.827895067453,8599.7120851814,14,2.1690000960395013,1
57,4403.481025370184,15259.961638296936,15,3.4654314507950192,1
64,3936.2212849964867,17058.85381283562,12,4.333814736955483,1
37,4468.480362574216,16768.714962869624,12,3.752666142010178,1
30,3314.4067955162773,8796.74593316904,8,2.654093620936712,1
32,5772.309376319631,31476.84175974947,16,5.453076006092175,1
36,5622.402627917639,25097.962662576898,9,4.463921267031777,1
44,5690.403554458939,22923.3004699967,2,4.028413846331557,0
39,4875.261321126692,26465.70379982289,14,5.428571322963784,1
28,4644.673487949876,15550.092381899072,16,3.347940909569246,1
51,7884.011595307031,12029.677588557046,5,1.525832051758743,1
41,5134.811773675606,6287.71379572482,5,1.2245266375604538,0
37,7527.533692110954,9372.547296378809,18,1.2451020054817523,1
43,3007.168033667373,6887.812957568045,18,2.2904649425818935,1
57,6178.355668402757,10775.156148619946,5,1.7440168107715244,0
36,3530.5939266799687,17211.805009065425,11,4.875045209532416,1
26,3887.6961434133314,22312.199193691256,13,5.739182891516188,1
28,4176.188320144897,22090.828062310826,3,5.289710704795123,1
45,4050.8020627924434,5627.938838168591,17,1.3893393828996274,1
38,4060.7906870362986,20513.03455042404,18,5.051487784364267,1
45,7434.55017978113,24150.859499309678,14,3.248462773846079,1
32,5090.82234623528,12966.118971557278,12,2.546959624538041,0
35,5450.110778419218,24582.000220604306,14,4.510367076930171,1
46,4085.6800728971007,22006.40208080166,18,5.386227430479455,1
61,6713.878607436218,4883.272459896256,2,0.7273399990413287,0
46,5710.1125564778395,32533.889491262962,7,5.697591627043302,1
52,4382.142711300524,9274.819486800341,15,2.1165032948111766,1
30,1831.4322147467137,22659.359582604186,10,12.372480619348483,1
36,5432.592916803741,22369.776003188672,15,4.117697818659658,1
27,6151.359045070916,5207.904787120202,17,0.8466266964685302,0
37,3042.304323353307,16431.83587604833,11,5.401115118535128,1
43,4409.210762601675,22271.330484313676,2,5.05109228917249,1
46,6074.321002921912,5123.093536122398,18,0.8434018441992204,0
41,1858.1438857564654,15796.929278770493,4,8.501456426416318,1
42,3702.2956331802206,22941.384434951728,9,6.196529588115414,1
27,5753.817883252803,23457.924798296845,17,4.0769320952222055,1
34,7210.03687770322,11823.415805722894,17,1.6398551084095538,0
35,9371.559624542335,27354.95372727056,17,2.918932901588027,1
27,8917.309536734181,25444.176466810663,16,2.8533467815595395,1
29,5287.538964632019,16929.823711539204,8,3.201834317398249,1
28,4031.546237036095,9728.388453863128,15,2.413066322914165,1
43,6846.244535541772,5673.185423743715,1,0.8286565567869789,0
49,3912.8141525526853,18020.365291592912,19,4.605474369345292,1
38,3475.809430108697,26716.100568454636,15,7.686296129192318,1
51,4389.4678952698,13822.778673782477,9,3.1490784312782534,1
50,4138.6533996457865,8127.345250070227,5,1.9637656177649037,1
59,5825.261246131751,21599.39108140796,16,3.7078836757323077,0
55,3795.196755731278,16396.099969471405,13,4.320223963279638,1
38,5170.24411459563,19127.239897588788,16,3.699484874145976,1
62,8189.9069028106405,10797.770632240878,11,1.3184240993673886,0
59,5244.281428148095,12041.190308501873,13,2.296061047348094,1
37,8033.484576243556,10760.034690614955,6,1.339398188730491,1
34,7404.113202131898,18993.35298254268,17,2.5652434618468343,1
51,6184.080473401265,12284.834556551103,5,1.9865256620430751,1
44,4291.694420122959,19739.39490376926,17,4.59944091341054,1
55,7081.015954698209,10029.027032464233,1,1.4163260041534067,0
64,4500.050162723853,18980.012549077783,5,4.217733550238759,1
54,4995.980689946078,20630.249362528753,5,4.129369315627082,1
23,5660.397348331188,17652.343596870494,7,3.1185696887648353,0
57,4989.265055213036,22336.347574076044,16,4.476881329593404,1
63,3559.4645631789263,11148.348062966483,18,3.1320295131720575,1
60,1945.8021700342615,20541.13706334677,6,10.5566420778455,1
46,6918.265860650958,16866.76250272784,2,2.4380043846913977,0
43,6140.6842536127215,8522.129225944454,13,1.387814268569609,0
64,1558.7780150073158,1000.0,10,0.6415281652502051,0
59,3506.4253009262866,1454.718972213539,11,0.4148723692557341,0
35,5358.130858546769,1000.0,2,0.18663224665461414,1
24,5885.144707121136,18409.034220547233,8,3.128051243714017,1
49,1963.092682065817,12401.847826065432,19,6.3175049957471305,0
42,4821.522666915157,15697.698712404199,17,3.255755452550365,1
45,6079.309190507929,13556.787332303857,16,2.229988129814332,1
33,4296.9763962014395,19653.360583110345,10,4.573765078273194,1
38,5511.659296868787,19887.29920358242,5,3.60822360969963,1
53,4024.8962359110465,15343.206669886193,14,3.812075087300534,1
36,6818.392703399044,15827.363572752518,19,2.3212748606958944,1
62,3401.4285722674576,16146.917507026697,4,4.747098803918981,0
64,2715.84352181124,26134.26361467099,16,9.622890054152172,1
22,5057.853728123101,1000.0,15,0.19771232102654857,1
55,2132.9480554230086,9635.832840411613,9,4.517612520338956,1
62,1000.0,21922.090348187652,3,21.922090348187652,1
54,7167.470596108027,23863.219986200787,9,3.3293781489886594,1
50,3031.5510368783625,18417.600668146446,18,6.075306153219624,1
33,2332.696834832375,13526.9839319637,4,5.798860670609061,1
33,3376.482446100784,29892.477661382363,19,8.853141735092589,1
38,3286.6987371784094,16422.4939993902,4,4.996653272057636,1
52,4715.777077672912,15246.28792141037,9,3.233038303187549,1
52,2813.0265326280664,25654.282504343653,1,9.119815332980941,1
55,5996.37228451231,18804.409077789453,1,3.13596424397436,1
59,6292.46826231543,22518.641777513527,19,3.578665928658554,1
49,2450.0170987689294,23455.77866719661,3,9.573720395250522,1
49,3763.8067541032246,12020.227020879225,10,3.1936355414036655,1
64,3953.8855199228283,29141.85449891143,12,7.370434564195531,1
36,4669.985277267317,1000.0,18,0.21413343739386667,1
64,7165.367033967364,1000.0,14,0.1395601921380312,0
30,7280.626830005216,9558.283021821575,10,1.312837925222261,0
50,9997.734772331572,11613.115549801947,10,1.1615746780901701,1
45,1000.0,17900.997531483874,18,17.900997531483874,1
59,3151.4085536967423,9484.443699925267,1,3.0095887405013206,0
40,8628.018362149967,14904.652880217409,15,1.7274711590325593,1
25,1398.5993644463306,13358.858619457664,8,9.551597804955454,1
21,8582.530128341412,31035.72051151794,3,3.616150487958222,0
50,5294.702546286489,8560.19472599913,18,1.616747050691816,0
23,5368.265546045089,1535.6435475068156,9,0.2860595353071078,0
34,2440.4040277610593,23952.001860320837,16,9.814769025068166,1
50,4097.673559991406,9288.347467108106,15,2.2667368034869972,1
24,8494.752719419812,14266.693673198037,5,1.6794713330010207,1
38,4904.633729517546,9830.596398989015,13,2.004348732470186,0
57,4111.00194357959,20897.408784409545,7,5.083288471085823,1
45,5811.438392758472,4005.8035555621627,16,0.6892963987287075,0
21,4615.564799394686,1000.0,7,0.21665820835862737,1
35,5690.302299612882,25365.730307786354,16,4.457712257134742,1
29,3300.5173356801574,16979.76648658526,13,5.144577276727479,1
35,4845.69470278379,23581.15533725796,17,4.866413751512427,1
44,3717.847469118563,25097.69578314326,9,6.750598563177065,1
24,1392.0667186106452,7668.27028966138,12,5.508550838220391,1
32,5963.9155744953705,15485.319983173855,13,2.5965022123043933,1
57,2532.454316888889,19043.107832764428,9,7.519625410719676,1
57,4670.518139791796,14133.663422428219,5,3.0261446373610004,1
63,6852.136491655821,12502.790261313665,7,1.824655751755517,0
26,2004.37308691914,13290.790505108036,1,6.630896509160827,0
59,6209.368193899204,23668.342970443064,4,3.811715174773749,1
44,4400.373086062675,12927.90243929958,4,2.937910533142336,1
31,3066.953198145872,19801.83574082781,16,6.4565170909027945,1
33,9045.846577772136,17775.142429456748,5,1.9650059589927862,0
54,4998.887408490329,7286.53595863912,4,1.4576315414232672,0
45,3863.814220846518,17415.75591611301,6,4.507399921598045,1
27,3439.574155267196,2690.631416539247,3,0.7822571327380586,1
24,6762.324936873392,18211.465895555022,8,2.693077612442448,1
28,3775.8875470731773,22128.93749006,17,5.860592301593546,1
40,6513.036197082051,23971.312232775377,18,3.6805126683488916,1
49,4995.040337753679,7378.47887496598,18,1.4771610189406716,0
30,7232.376128867697,10710.767428825153,12,1.480947234764743,1
63,2914.921105034232,17272.521656516183,1,5.925553740266099,1
54,3193.873521807991,11192.601507716441,12,3.5043972252791407,1
46,4437.989371939862,1000.0,11,0.22532726336000578,0
61,4603.867004950448,10666.42820994843,13,2.316841081308176,1
23,4290.885942605979,17241.61310592502,3,4.018194222951936,1
26,10262.880810853036,23540.22651712386,8,2.2937250223377808,1
25,9126.494008703816,28513.667961809704,3,3.124274002110405,0
25,5598.110149642086,15999.582674320614,17,2.858032844413314,1
43,5833.944148100915,19531.955891182333,13,3.347984724457885,0
29,4527.135639840838,22686.27193051033,10,5.011175660579041,1
55,2900.348932963738,1000.0,17,0.3447861009530823,1
40,4635.855518889496,6846.271267923729,3,1.4768085933712902,0
62,6542.235502924108,15820.497628580142,13,2.418209742145332,1
55,7611.253523136018,27447.55894575825,6,3.6061811451064636,1
38,6991.416841045411,20038.085854989215,14,2.866098004248444,1
37,1980.4514136915768,17637.596836712128,10,8.90584677552655,1
44,4421.544643692574,13175.103691640801,16,2.9797513659475,1
23,2062.2648702680153,18414.353044988053,18,8.929189121373577,1
52,7337.687114805438,10228.475187742464,13,1.3939644778671756,1
55,4175.2312103993345,8761.365763744056,10,2.0984145122123876,1
58,4905.779768737934,9456.504011264147,6,1.9276250580031513,1
33,5960.100536010003,25723.85208938356,10,4.316009760903198,1
45,10532.279839623798,8277.983433637768,5,0.7859631114713573,0
29,5536.549879579053,11809.783297351041,6,2.133058231970439,1
24,4523.457924387497,18768.089854604466,7,4.149058125072707,1
34,2517.91575759272,7958.521179846229,11,3.1607575256826927,0
57,7917.27889700621,16809.31129859355,16,2.1231172372808187,0
54,4636.7270714058495,16806.43354725453,12,3.62463291205942,1
31,8314.2849298554,10004.36712992089,12,1.2032745105952107,1
61,7211.226225897447,12929.758237302229,5,1.79300410668965,0
23,4074.087794783057,7451.389680573364,16,1.8289713074212597,1
48,2215.4476382881912,26062.128028341158,6,11.763820357532154,1
49,5545.1382344072135,17060.750884990834,9,3.0767043423967344,0
29,3770.192942456796,6610.85536955522,5,1.753452799486528,1
23,5078.691684912611,16010.544664269355,16,3.152493921186879,1
45,7098.099213708675,16372.753296519291,18,2.3066391161310236,1
54,1692.8357687503326,1000.0,19,0.5907247581011414,0
32,5529.227688136428,25723.55235474356,12,4.652286685523242,1
62,6519.192381771473,7083.1351017483275,2,1.086504997391044,0
29,6616.221123512127,31721.717497097343,10,4.794537078630516,1
35,2272.915657625154,21362.326087765323,12,9.398644431041342,1
60,5838.672939547927,5985.362080262032,14,1.0251237125684012,1
45,7407.073163813386,12485.995033600993,18,1.6856853925245723,1
25,5686.467596800151,22380.945284428388,19,3.9358256955552573,1
31,4768.611587782926,13097.978095556433,6,2.746706846309973,1
54,7279.225881146887,24425.898675348755,5,3.3555626757800656,0
44,3611.36237912234,11991.44953777505,16,3.3204780575604547,1
35,1940.3341835934593,14370.678137099678,14,7.406290245572788,1
58,4598.804370138137,22601.20024168668,13,4.914581796182776,1
28,6070.090383407997,19827.127945439897,2,3.2663645338190395,1
25,7077.873522872867,7598.180500167573,2,1.0735117653082216,1
46,6061.005148335865,18472.413091288778,12,3.0477474674907086,1
38,6671.642137449716,16339.584885314467,1,2.449109911575742,0
26,7090.622860207919,7706.132578906716,19,1.0868061566428804,1
57,4321.245987403779,3876.1840524752843,16,0.897006109759586,0
33,4704.121396184821,1000.0,7,0.21257954797064316,0
48,7574.3355862997505,12644.607321355628,7,1.669401517438288,0
25,2579.6859515386254,14567.947178019758,16,5.647178552618339,1
33,5858.26572304459,19036.624449501258,6,3.249532429814017,1
37,3566.5823421659575,21563.828956664773,18,6.04607629598963,1
60,7200.5232064619395,11689.129255125163,1,1.6233722078188748,1
52,4964.129038849721,14335.429223673063,1,2.887803502181894,1
49,5015.187870756248,8930.22143211176,14,1.7806354741333266,1
23,8457.759774793372,15697.907366449255,6,1.8560360880943516,1
60,2847.9144411027073,22748.06945310622,6,7.987623899367641,1
54,5431.638946437206,15809.14273156652,4,2.910565832424533,1
60,4639.747737804358,24306.603200068253,12,5.23877688479045,1
47,6064.822632086062,22614.253282588994,18,3.728757567112985,1
33,8858.661573377893,26661.582682506,10,3.0096626292429502,1
53,3789.516980149635,16033.859456216613,3,4.231109014738731,0
26,2605.20457529191,10740.55860114022,3,4.122731359757709,1
44,3381.3451486359872,19969.868182047656,8,5.905894637849488,1
39,4534.3638355581625,12016.776025187923,1,2.6501569924656705,0
36,5128.461667406654,19718.813114597142,18,3.844976211856624,0
60,5229.057591573164,9697.573544930872,15,1.8545547405251188,0
48,8605.321902350868,8372.753184286365,17,0.9729738502866501,1
53,8249.678089309684,24731.567867979873,11,2.9978827779993242,0
61,7605.892978133921,6899.404553485432,13,0.9071130205645066,0
33,10028.877273234684,23177.982230208254,10,2.3111243261562513,0
63,6648.196913325262,19688.24776127556,13,2.96144172893158,1
45,7216.71016702528,15754.380540470143,17,2.1830418813901296,0
62,6609.5410437875325,1000.0,1,0.1512964354673195,0
56,6281.810627587573,26885.272974779506,16,4.279860468366961,1
47,5788.793048365684,7521.282651420708,16,1.2992833892281135,1
58,4206.285910169359,22625.2289750334,3,5.378908961070226,1
27,2506.4435043242706,9472.473587648852,2,3.7792487926842786,0
25,4738.692062075774,8830.694298252132,6,1.8635298902254194,1
63,6131.5473993441265,20348.928895303445,11,3.3187265089853355,1
51,5144.52380194798,19307.72029422185,3,3.753062681313858,1
43,2869.328611761488,5839.219622450462,1,2.0350473621303875,1
62,4668.233900033243,26494.072964302344,11,5.675395349002045,1
30,4563.994382833724,13351.634676991413,13,2.925427499913258,1
52,4875.29071606244,15551.429336314875,5,3.1898465634219835,1
63,5981.830697853318,12623.379008269763,18,2.1102869081199302,1
50,6412.516073820605,6177.888711779602,15,0.9634110294087402,1
59,3999.897098050895,20881.79569148057,18,5.22058322491747,1
51,6962.242376025028,17316.40556022564,15,2.487187981253842,1
38,7263.276239336625,8559.321244433526,7,1.1784380715244933,0
56,5640.603866097091,22553.066639546072,17,3.998342584399787,1
22,6329.500543906137,15438.695530032048,8,2.4391648950715368,1
34,6968.462884923898,15611.016132880557,13,2.240238111428363,1
33,2804.710700841057,29212.149528729125,16,10.415387768859437,1
49,7109.462669963592,2136.0016678642787,10,0.3004448812831614,0
32,3419.8782548040936,2030.3687234323897,14,0.5936961997346595,1
59,3614.596726743243,3831.9594732764835,6,1.0601347157001066,1
22,5392.578335629522,17909.065865292258,7,3.321058082172779,1
52,1000.0,12127.65133599778,6,12.12765133599778,1
33,5351.2406164515205,12763.628380848646,17,2.3851718312962684,1
47,6963.561893911605,7460.66870706678,8,1.071386859301101,0
61,1708.1523071079669,28322.010190573586,12,16.580494650693606,1
37,7178.018649092903,31008.143760583087,4,4.319875062528799,0
60,3602.42476294509,22191.236502252294,10,6.160083266835612,1
51,5413.723560985602,2941.714617244572,6,0.5433810175392507,0
54,3892.850985989076,11104.825140086203,7,2.8526201439649364,1
44,6145.8369682580915,21619.689076957733,8,3.517777837033217,1
55,7049.895112327527,14633.365217908951,3,2.0756855222315127,1
26,6294.0207287649955,22217.76356454065,8,3.529979407757717,1
39,4992.037701012599,24982.522980626636,15,5.0044740198094075,1
50,4048.2893268131497,30257.565813537614,1,7.474160903750584,1
27,4861.395941257774,9761.078730751788,13,2.007875690171892,1
30,6311.942929919283,15650.279576253071,18,2.4794710202573405,1
61,6380.532798345837,11473.893505617878,15,1.798265735518592,1
52,6101.653164352245,1000.0,7,0.16389001030774922,1
54,2434.844916885911,20612.7018484576,15,8.465714471384317,1
48,4953.95508312918,19507.534410011278,3,3.937769738051256,1
35,3733.1420716056964,10625.390775157237,14,2.8462326296055087,1
50,6329.8580398116555,2215.5560645688383,4,0.35001670663608786,1
57,3470.056493242807,11927.013927923997,4,3.437123848314662,1
49,5904.107516168449,20849.013240088905,3,3.5312726238459753,1
42,4435.624478370941,25698.663040915388,5,5.793696731142953,1
24,1241.8076334685175,9299.37069706138,11,7.4885758844041925,1
40,6861.918571775995,23861.570821260488,8,3.477390553628307,1
52,4949.425556272085,19979.76732950997,2,4.036785098058686,1
56,7551.954591531383,18305.872646277345,16,2.4239913554042287,1
24,1669.3818426447256,4651.58283405431,10,2.7864103437743277,1
47,4416.957378165008,4999.236187414348,18,1.1318280344129659,1
37,4567.191158080271,8353.712295196707,7,1.8290699920491231,0
32,5540.412582476623,12388.899856320222,5,2.236096982290487,1
42,2349.6253916860014,29405.968553888953,7,12.515173124166978,1
37,6088.075713547558,9702.11919679571,6,1.5936265666351621,1
30,8823.324812562067,21170.011314009695,1,2.3993235842195486,1
21,5949.0746929310635,11281.894095077303,11,1.8964115727918018,0
42,5185.744803647024,18781.658502954764,13,3.6217861105980425,0
46,2245.0851859492527,14496.15067369729,12,6.456837702382379,1
38,3451.5077728859496,16416.185031950263,1,4.7562358575319115,1
34,4888.310198354454,17956.91836720013,15,3.6734408494053725,1
49,3940.4470583143416,13004.34155703908,1,3.300219839167722,0
32,7052.51285254197,17995.712325577268,3,2.551673807881256,1
56,6067.406401937275,24871.326628693394,15,4.099169394809646,1
55,10384.75717529394,8967.07667714153,9,0.8634844826680039,1
32,3038.283127151417,24486.92658346049,14,8.059461728446136,1
27,5066.229222783466,12878.375954877527,8,2.5420041984997166,1
49,2233.0152549314175,12032.061595163006,4,5.388257679203605,1
31,1000.0,20596.47489088859,6,20.59647489088859,1
53,6445.441958906305,12270.72653513417,1,1.9037835750236634,1
26,5993.2307659347125,17553.354004519333,18,2.928863361025894,1
35,3290.8191307084203,16805.9832608906,6,5.106930096541874,1
52,5186.059239186847,1000.0,14,0.19282463887874832,1
31,3741.464802148911,18340.680656827455,11,4.902005398071227,1
43,4011.585090313448,3471.186389340226,17,0.8652904802448058,1
46,4359.430774467452,4080.9474018739984,9,0.9361193268110851,1
54,3206.8696451914443,17931.709964499812,7,5.591655398711825,1
54,3566.700180360087,19292.718138530247,14,5.409122483791865,1
49,3623.129112111492,24640.395654711254,17,6.800860497171544,1
24,5845.757693506662,6285.059299485956,8,1.0751487880633952,1
37,1000.0,9069.767965794126,16,9.069767965794126,1
55,4544.741477030395,18714.92635075485,12,4.117929797622609,1
33,2824.6362469246537,24794.21967484586,12,8.777845183372115,1
61,2896.8946275494386,16537.39833650543,5,5.708664091277239,1
59,3948.6932518325502,7976.008406096231,5,2.0199108660554077,1
35,4971.320580053684,27051.33618864921,14,5.441478929600048,1
49,4571.176276586613,12901.06775815134,6,2.822264331443551,1
49,2871.8789804035914,13150.394997888756,7,4.579021291503273,1
31,6443.393036891153,3513.2208863327724,17,0.5452439213653576,0
52,3194.7920262790185,20792.701399572332,9,6.508311410739822,1
22,3530.5874881477644,21820.844715044714,13,6.180513806355917,1
34,5568.983571789034,9353.35189287884,9,1.679543811237008,0
40,5640.737128585483,29009.65647244532,16,5.142883954906088,0
42,3776.6006777340426,10302.972902221238,4,2.728107571172447,1
31,1000.0,20002.035830368495,2,20.002035830368495,1
47,3229.0182268243034,16789.193642337676,13,5.199473172020347,1
23,5323.776372480513,1000.0,13,0.1878365900508456,0
37,6377.21610738006,19351.227868358666,19,3.0344318810153506,1
64,4841.4066849431065,18632.99716936204,12,3.8486742349720626,1
48,4042.027905848769,1000.0,4,0.2474005680547161,0
49,9586.422011398648,27202.66618959634,10,2.8376245232320523,1
41,4255.027756989291,18665.507438891556,16,4.386694636299768,1
36,6224.465373582211,24915.209067370408,19,4.002786998079416,1
57,2329.8958091462077,1271.1422978309947,8,0.5455790309768427,1
40,2819.664301582066,11716.541629741343,6,4.155296651153611,1
26,6294.651222924449,24444.820048012,4,3.8834272435916017,1
39,7089.122551570741,2453.6691522863584,7,0.34611746861996306,0
25,4220.566219613192,11951.118761168047,14,2.8316387279106237,1
23,1302.7286167389589,18252.01258048475,13,14.010602320361933,1
21,4664.885321197549,1000.0,5,0.21436754199635594,0
58,5378.8118015591235,4428.881946687177,9,0.8233941082310046,0
35,5197.636077857649,26056.67387998064,3,5.013177815773632,1
54,3873.22067007799,15478.356850321268,10,3.996249676631412,1
55,4694.231761478123,24413.600749275014,15,5.2007659591114095,1
45,3500.446311431788,16456.764767158787,17,4.701333288105046,1
44,2776.32355252628,34647.17149595877,6,12.479515027861945,1
32,6511.33704129361,18509.858265562754,3,2.8427123566445567,1
38,5195.596626805422,25158.231523479193,18,4.842221852574427,1
35,4698.632882755341,13031.308508077542,5,2.773425554463793,1
64,3985.7045144556773,16685.83686734671,13,4.18642094686878,1
36,4639.65288692984,20134.9662194322,1,4.339757027115869,1
47,5320.632857573993,21462.451668362453,17,4.033815570982381,0
28,8457.363151628613,14688.072508911799,3,1.7367200917798302,1
45,6309.073699654288,15021.955117535581,19,2.381008026322267,0
37,3667.3817561018277,19015.358064324,12,5.184995544215174,1
49,3688.472514588618,19010.104977201652,8,5.15392344717577,1
28,3376.6377993508086,6799.532819287684,8,2.013699195274945,0
35,4598.9589374940515,16799.689213461897,15,3.6529330750267492,1
47,3375.0970995182306,17566.19141358728,11,5.204647716978193,1
27,5949.647489979251,7189.45474157476,1,1.2083833124035779,0
23,1000.0,22247.41466326956,16,22.24741466326956,1
49,6070.336618549489,18301.956985775658,14,3.0149822218835904,1
64,5550.754975610861,33645.19450775314,7,6.061372670129523,1
44,7525.484966295278,14791.891900764926,6,1.9655732443841194,0
23,6753.579109107906,24088.88867226172,4,3.56683297598089,1
40,3632.604429491893,19313.00457224709,8,5.316572433665308,1
35,6528.596161877014,30371.516212426293,19,4.652074574588832,1
45,4663.865045571399,7240.153940515155,3,1.5523935340689343,1
50,1131.38648511146,11037.487961599007,4,9.755718409975204,1
34,5317.663879457784,7514.340388245991,13,1.4130905146664123,0
27,3751.4931588586105,14376.659158081122,2,3.8322498667317872,1
37,5000.443032794,6002.205534339988,11,1.200334749336451,1
64,8302.899660550487,2791.3287419582975,16,0.3361872184510093,1
40,5449.573805464317,1000.0,10,0.18350058843084108,0
56,2965.3302976200075,1000.0,15,0.33723056106181704,1
29,6928.830011232407,20251.133524497178,10,2.9227349338442177,1
58,5725.085140272877,11356.494002618103,2,1.9836375747028305,0
42,2729.6763419361832,5129.983512837891,6,1.879337646747947,0
22,1787.524465050688,9727.362946301848,14,5.441806887955525,1
44,3045.3248815625584,10776.776423686839,2,3.538793673191698,1
28,6672.603601343444,7283.198318742258,10,1.0915077163096993,0
31,4396.795732713908,27844.403953898174,17,6.332885502668395,1
33,5162.285037910821,26334.631222514185,8,5.101351635781007,1
37,2322.940658447663,27707.918788895517,16,11.927949467039642,1
28,6726.437958034847,16433.571101504895,14,2.4431312983233138,1
41,1000.0,17243.71589551336,10,17.24371589551336,1
38,3689.24496786463,9779.087540920264,13,2.650701600490491,1
50,5836.927718227587,8223.431150170218,1,1.4088629407710576,0
38,2754.737109921309,15173.804654033638,10,5.508258700761137,1
51,6228.258558900886,20218.84820117348,12,3.246308419915943,0
58,3261.612042896795,24566.145214875178,17,7.531902903159751,1
52,2547.858814367386,10632.086855463916,14,4.172949770807368,1
31,7572.964129288949,4978.129209836965,5,0.65735544561524,1
45,5307.86038619801,20871.87989253018,19,3.932258645461583,1
53,6038.072156099252,1000.0,5,0.16561577505990344,0
58,7036.419169105394,14686.315448091153,15,2.0871859812692715,1
61,1000.0,15714.437006507014,13,15.714437006507014,1
28,6269.565279940638,11969.697590128657,17,1.9091750473394846,1
31,3477.9496310113054,2638.0391319235005,1,0.7585041221992687,1
42,3741.454418452172,12075.11192783026,14,3.227384481360512,1
44,5874.882155331173,28140.339608012942,4,4.789941119495808,1
61,4273.918453181094,19733.772810931325,9,4.617255342399759,1
37,6189.042150913041,24293.716816236152,17,3.9252789404014985,0
32,4918.314064967836,5262.385382541941,3,1.0699571668317922,1
52,5336.418029368114,17045.663458218547,13,3.194214427057718,0
35,4019.556815969421,15706.722813596505,12,3.9075757683520687,1
36,2870.1334216837236,15861.643610424991,16,5.526448175053821,1
42,3519.36485850499,19446.767461963842,4,5.525646883405189,1
48,4794.351739040111,16178.580007652645,18,3.3745083565545397,1
40,8674.476785549077,5484.32741200461,3,0.6322372573687697,0
53,7943.812798227084,19906.03239188318,17,2.5058536621514853,1
30,3693.408044281211,21727.074237844125,1,5.882662835341422,0
60,5120.515354664951,25555.83176501151,19,4.990871034441747,1
52,4424.554052107905,25909.22275134079,4,5.855781723131478,1
53,5260.533237738048,18811.464534859126,17,3.575961539394774,1
22,5517.825495085552,5857.303135222108,7,1.0615238086885697,1
53,6055.030031511202,2764.929326283229,2,0.4566334620793224,1
53,1000.0,13183.251148479681,12,13.183251148479682,1
61,5732.99733177388,22355.7677962161,5,3.8994903542539885,1
33,4202.157941566706,21840.280545580557,16,5.197396397108712,1
50,3590.1241715367923,17191.99409810543,8,4.7886906626815104,1
53,6588.51335632414,14707.526089670255,8,2.232298136810012,1
33,7933.6488328095365,30229.88179359744,13,3.8103377689950206,1
46,6378.006288082814,19592.25500704908,14,3.0718462983733406,1
42,3962.896785577811,14301.815384857371,11,3.6089295681144247,0
59,2847.988699722179,9836.471810669103,6,3.45383105334254,1
22,1000.0,6931.15745832613,16,6.93115745832613,1
58,5365.031993162712,6143.487883278844,15,1.145098089090281,1
59,6158.032215588873,6932.052617461027,16,1.1256928146482807,1
46,4796.272979803939,17247.616906070103,13,3.596045716892275,1
35,6867.492417675984,14855.442715752995,12,2.1631538576609306,1
54,2359.6195283350153,12392.68190167633,18,5.25198310696335,1
62,4657.522087089903,20891.82348081565,18,4.485609105048647,0
64,4499.3980808242195,29473.39947337994,14,6.550520523843241,1
60,4779.782631487868,8413.224509696,2,1.7601688525063957,1
31,7335.863325907814,9605.71165425131,2,1.309418023142164,1
23,4790.315551802475,1000.0,3,0.2087545150598117,0
26,4410.4150984549415,14789.35331624238,8,3.3532792234053868,0
29,3126.6130403789375,13979.03545258597,11,4.4709835441906,0
26,7657.15894284292,22142.321961715148,12,2.8917150769622437,0
29,2137.6075548427457,14305.498208314799,4,6.692293997514053,1
59,3894.001134305175,10295.12561763599,9,2.643842480408778,0
51,8387.874134194986,16541.485938440695,17,1.972071310775366,0
52,5936.486596143069,19456.546873133222,16,3.2774514955991187,1
61,4959.64669659746,2058.1675270013166,17,0.4149826898785577,1
32,5043.384111052568,23055.12792585638,15,4.571360701107636,1
28,3107.2440252843644,25450.42229372095,7,8.190673821117674,1
28,4862.945510284951,19379.641127839408,10,3.9851651816480733,1
48,4300.268322008414,7523.559517744635,4,1.7495558310256332,1
40,5359.257198910008,12391.787692144771,14,2.3122211217377426,1
27,1987.517228747383,24462.995965777853,14,12.308318947854085,1
31,5795.7040155386385,7174.233170764809,14,1.237853615631552,1
40,7033.2593497726175,20029.14966212153,14,2.847776353188094,0
36,4592.353749758853,14593.823925814728,18,3.1778527354477117,1
24,6294.196786611615,16281.54599605578,15,2.586755156859451,0
26,5620.6925496891545,8313.828181401517,19,1.4791465834332644,0
42,3784.5197196678882,17645.31428081714,13,4.662497645108218,0
46,2882.94862708577,17072.605896914683,12,5.921925120869231,1
23,3163.2230225586827,2925.13127546708,19,0.9247312802816495,1
61,5585.78513830943,14964.448843597043,19,2.6790233553677503,1
62,4887.709736029591,19911.17725663981,2,4.0737233452848525,1
34,7550.186043763395,11917.733997628851,3,1.5784689183219716,0
31,6581.740224407788,1000.0,10,0.1519355012359179,1
38,6577.569966254603,14081.466200816503,5,2.140831077899543,1
32,5526.161603424444,26731.74346516256,12,4.83730758952063,1
43,3075.6021013566706,12244.244084313106,7,3.981088476598478,0
32,5650.6785919499835,26429.208662857673,9,4.677174295580889,1
33,5127.706330056445,8501.139549511714,2,1.6578834672496026,1
45,2723.237222888504,5712.234834184139,10,2.097589878022173,1
39,7419.898517117424,14959.178897419284,6,2.0160894199440906,1
56,7204.578749858303,8419.373058116784,12,1.1686142036107763,1
28,2711.7017111658793,17638.86190288445,6,6.504720570943894,1
49,3724.410189766943,12019.433165877033,3,3.227204457473884,1
52,3900.0995611190465,26791.336362046473,10,6.869398060791888,1
64,6219.7030875992305,11466.660230261632,9,1.8436025110465035,0
38,5989.450360907993,15717.895681215361,5,2.624263452253163,1
26,5088.814425572713,19770.68582754935,3,3.8851261166444067,0
38,5547.71456079825,22650.528315664385,5,4.082857556464701,0
39,2424.735607108933,26837.14156753724,8,11.068069231488613,1
42,5762.7225627169055,13121.093858872018,8,2.276891472055514,1
57,4798.229248907859,11805.535206895329,14,2.460394156778238,1
52,3641.913634882821,1000.0,17,0.2745809209811685,0
61,1934.9874521393622,31333.691931318514,11,16.193227453064534,1
23,5053.922312372704,17887.71277786655,16,3.539372327523702,1
48,5713.9197924356195,21014.464526177675,6,3.677766802746812,1
30,1595.036396586825,19445.830999300968,11,12.191465374026933,1
55,5036.97214131286,15396.279063007996,10,3.0566536067827124,0
49,5244.479503696991,17802.820644026895,9,3.3945829383978245,1
35,3891.540913704679,10522.700406525984,15,2.7039932612473954,1
53,5759.676404790349,12583.21079408405,7,2.184707943595327,1
27,4734.675167445361,7398.353597096941,18,1.5625894777252043,1
32,5566.342010672727,27457.951709788467,1,4.932853866532359,0
50,6068.493865750112,19491.848079170828,15,3.2119745871674352,1
41,6069.613812301047,30809.38064203456,2,5.076003448455716,1
51,7033.640986893004,33371.06596756335,2,4.7444937877479685,1
44,5676.65037756916,3766.75008306201,10,0.6635515370025303,1
40,4045.9185184463586,22881.826982984298,15,5.655533317999436,1
57,3704.419910493606,4136.290583756521,10,1.116582537535646,1
24,2873.3824942627552,16419.3399077156,19,5.714289670971365,1
48,5302.359286225812,17517.83575887623,13,3.3037813571749344,0
64,7642.623429305047,4702.670807139546,11,0.6153215385580192,1
40,4283.0947880257,9099.853315671102,2,2.1245976953654333,0
44,5899.21649541992,17882.811806210753,13,3.031387612252365,1
52,3495.439990969679,16410.40559232504,1,4.694803983109602,1
61,5389.609830321268,6853.027494923854,5,1.2715257153439161,1
56,7518.6942561488795,9415.751232482373,7,1.252312025426763,1
54,6372.495946663885,3068.4776921287266,13,0.4815189711866556,1
56,1858.3759337216861,5376.611633414908,13,2.893177605161626,1
22,6141.389632071089,12028.6367078922,6,1.9586180699360263,1
35,6232.451557587104,22899.624901581454,12,3.6742563804935617,1
54,5346.973946454177,23913.8645961784,8,4.472410906740396,1
56,6335.044225404682,29667.493563040494,9,4.683075998754426,1
26,3332.995920564924,18394.113481248365,18,5.518792677709209,1
59,5126.526309608172,16506.264541733544,11,3.2197756423872024,0
62,7220.347881876203,18961.17072797311,11,2.6260743994853137,1
32,7039.898966932735,18884.44813783932,15,2.6824885167446126,0
23,6096.089948011942,2067.891195770406,9,0.339215991464297,0
38,3234.009552998234,30110.987100432852,3,9.31072917595964,1
60,2919.072458761443,1000.0,17,0.3425745726175972,1
41,5229.087348886708,24190.099171028374,17,4.62606523032715,0
35,5361.548477451681,15451.095826653605,3,2.8818345841008677,1
53,4799.256455445487,6284.022462761703,19,1.309374175166556,1
55,3390.430043606694,19250.995440575272,9,5.678039420656006,1
46,5873.922150780787,14054.891160786354,17,2.392760884465947,1
28,5220.330697389083,9539.696030873414,18,1.827412205062916,0
56,5579.648633100947,3948.1786897518214,15,0.7076034620405085,0
50,6186.867519248221,3275.9429678085617,1,0.529499453094258,1
43,4452.700424643975,10112.709604406398,10,2.271140799959607,1
62,4022.4832452411265,11904.09505832896,8,2.9593895940803034,1
64,7215.130646617246,5315.659737289587,10,0.7367378357565555,0
34,3485.2830269396636,15307.841181175692,2,4.392137184513566,1
34,4061.6516010759847,6454.910383483835,19,1.5892329075624914,1
22,7468.495630854946,17881.76576140721,14,2.3942928596666015,1
57,3905.95149798068,24851.034570173255,8,6.362351038670316,1
25,4802.76471271888,17314.9945295686,19,3.6052139892912756,1
58,4176.060261773943,14249.321672156522,1,3.4121446480524615,1
61,1433.5570374324052,10720.823697431239,16,7.4784772544753,1
34,4753.384695990407,26568.788948601752,15,5.589446394063826,1
59,2978.7564728429043,13451.874259794135,5,4.515936224539954,0
45,5509.160865287122,34921.79021423781,3,6.338858324918015,1
40,7211.277020082223,5535.713240702986,17,0.7676467323730503,0
22,1000.0,17319.258261296724,10,17.319258261296724,1
59,4186.16603199944,26301.78887975005,5,6.283025727765393,1
26,5904.646465929962,9478.909344659147,11,1.6053305476208983,1
37,1000.0,13111.005200196088,6,13.111005200196088,1
45,7672.530720844463,20009.172062611473,4,2.6078972884724014,1
48,5759.784073606967,18103.121971182285,7,3.143020943117667,1
22,7166.425643863802,19477.59251376781,19,2.717895012340685,0
55,3872.1042737771413,24282.06779686612,7,6.271026315409519,1
57,4113.358459447618,12225.96708678007,14,2.9722590937094973,1
25,4678.127290401861,26496.207185077918,17,5.663849130279189,1
21,9276.41809510308,1239.8804048052025,17,0.13365939224534543,0
60,7636.210720994133,23619.500364685373,13,3.0930917476843054,1
32,5264.695399017493,24177.64550061048,1,4.592411083293167,1
56,5508.8035433015675,8804.236991567672,2,1.5982121929675979,1
43,6269.807623169866,3394.9105921846767,18,0.5414696584371899,1
51,9783.10964198292,13142.660763522053,4,1.343403196374501,0
31,5765.439586114102,18230.425046634107,13,3.162018225035532,1
30,5091.91879223754,12319.207906476628,1,2.419364567490127,1
23,4322.803206770024,19015.537503657535,4,4.398890394519219,1
34,5469.830495038882,30501.950106158154,2,5.576397684320075,0
36,3825.9563632975814,4082.3044850615333,4,1.0670023642253479,1
30,5992.184676153745,1000.0,16,0.16688404213901473,0
49,2134.806740416918,14445.618771870222,4,6.766710306080943,1
30,4478.998821187335,9558.651389539617,9,2.1341044664543403,0
32,6469.265709454673,11157.480652754755,17,1.7246904291546368,0
50,5738.247308674708,25135.30519592711,2,4.380310544986306,1
61,4074.7507598966968,14035.06940138022,3,3.4443994807024807,0
21,4535.950979166723,14768.036633642418,15,3.25577518396272,1
25,7070.669373384422,11505.61964605781,7,1.6272320254950021,0
40,2579.1966079531576,14689.590650993718,4,5.695413294859802,0
28,2590.8127041773396,17148.01169980288,12,6.6187770625618745,1
63,3140.7320956450058,37276.70559345262,1,11.868795063781835,1
32,4978.644271466713,17237.259868896803,17,3.462239704026633,1
21,2286.5238654876157,24301.561349516123,4,10.62816868711478,1
40,6906.003185531963,16491.196681157213,4,2.387950923003652,0
48,3151.4150822882693,1000.0,9,0.31731776801483463,0
63,5448.711115486259,10463.425330278242,10,1.9203487042172642,0
57,3841.853798161194,17231.285744071036,19,4.485148745722275,1
57,4869.005838320548,20787.316350267094,19,4.2693143201153365,1
32,1793.308180682513,16681.828732628204,15,9.302265451261862,1
57,7002.632490419913,22362.81119817553,17,3.193486339425838,1
64,3077.004003257198,3320.1216145664384,7,1.0790111455987337,1
48,2867.566557912595,15390.339804937486,3,5.367038390955664,1
35,9758.018026804184,25623.7042774837,5,2.625912783425717,1
26,6108.614621915216,7227.520021792466,16,1.1831684382025138,0
64,6924.83281656615,23964.731458266404,7,3.4606945890355676,1
40,5917.782792723798,23551.25967428035,16,3.979743849882049,1
34,4095.0388800271967,5103.802779824455,9,1.2463380518112586,0
22,2386.300285089979,17703.028488878295,1,7.41860888149321,1
29,4402.3592251486825,16270.511933347396,3,3.695861946113197,1
57,3043.6813109488753,13589.098455500378,8,4.464691624125373,1
40,3163.769655130962,2784.8862222102725,18,0.8802430409855468,0
46,1833.6253420606067,12895.52211092267,18,7.032800984540731,1
49,5228.9519195909925,13749.633061269067,19,2.6295198871028367,1
21,8146.824295051692,1413.5897137609263,7,0.1735142016772754,0
55,6116.273446052897,4558.786903720198,6,0.7453536771908368,0
26,4788.4192242965755,7584.03685239994,11,1.583828920809256,1
57,4918.856254379697,6613.747478012225,5,1.344570187860931,0
25,1000.0,17610.162968448818,12,17.61016296844882,1
53,4152.329156201247,22292.084214919272,1,5.3685734864316865,0
34,2146.648209559322,12515.654825576878,19,5.830324116379634,0
32,5268.825055804553,21130.316540071457,11,4.010441856822069,1
62,4480.048022663532,22619.90768387703,15,5.049032414261661,1
40,3261.3909175849194,14317.656455642735,16,4.390046093047027,1
44,5223.793408977198,18264.349945569433,3,3.4963767736644726,1
63,5206.558306013886,13213.238734633374,11,2.5378067348965043,0
54,8037.248078912855,6017.3619664385005,11,0.748684364020829,1
45,6372.835000893459,9025.924387641579,10,1.4163122670485209,1
49,5433.945580073745,17609.185285263156,2,3.2405891862141503,1
59,3104.9710526972153,14029.363683053058,5,4.518355709263724,1
51,2853.1217617850234,20897.384104878704,8,7.324392665178261,1
63,6197.696014873215,1000.0,13,0.16135028204032636,1
43,4599.86125511914,1827.427474415479,15,0.3972788249605905,1
64,5498.731182253216,2774.2011731483817,2,0.5045166023212644,1
58,6956.00104834312,16333.225448830999,12,2.348076910184118,0
40,1973.7224497163802,3975.1752132876627,8,2.0140497534792123,0
43,7794.070770057988,17561.03331981548,19,2.2531272601832977,1
36,6938.7635738979925,21024.079368513165,1,3.0299460623793033,0
62,1000.0,27129.998187355075,8,27.129998187355074,1
28,9706.184897821953,26247.260413122203,10,2.704178901332493,0
41,5642.752638162913,9436.642765329372,13,1.6723474109972007,1
21,4042.9233991540923,1642.896055854275,5,0.40636338947159395,0
28,6038.1244472098515,9944.464013519313,9,1.6469458522198126,1
49,3045.0507261225284,22814.68597548938,10,7.492382895223845,1
52,6092.256706387102,11882.479449282204,14,1.9504233032112142,1
58,3413.0070833293776,14805.435279690168,11,4.337944492411516,1
25,9040.719070941203,10542.714044790559,14,1.1661366714376833,0
42,5120.200387812802,27649.62211935748,3,5.400105469537801,1
54,6299.646104145648,6884.313881446326,16,1.0928096225779926,0
21,3427.869800695722,15534.124317850508,17,4.531713635884798,1
46,6632.992047786716,23865.9084887993,5,3.5980607721010056,1
63,4974.839872995776,29732.395811162933,7,5.976553330400666,1
30,2176.29658335611,9441.583187690861,17,4.3383715528013225,1
50,4522.474560223504,22686.446929107,11,5.016379114355,1
38,8862.222137725075,9941.88005181525,12,1.1218269974856805,0
37,6717.954052086616,26017.278948629733,2,3.8727979898208282,1
46,4242.049862187013,28835.736413834195,19,6.7975948776254524,1
28,1261.6684779981301,7883.24081169827,5,6.24826644175694,1
60,3335.0176435387366,20227.70807108025,11,6.065247693747412,1
32,2187.0519919310773,23906.29222217431,19,10.93082940431884,1
47,1309.9839871330037,12645.860899015252,7,9.653446930058777,1
28,6571.182260330605,19381.715521545255,6,2.9495020460093184,1
45,5124.774792760331,19800.138085146824,11,3.863611355784471,0
24,8590.216896687882,31077.201086318193,14,3.6177434702842706,1
53,3004.716202404742,1000.0,4,0.33281013334959136,1
21,4995.43813048174,14552.691983561117,8,2.9131963210117298,0
39,2211.6512965061715,4997.972784637248,9,2.2598376120741697,0
51,3810.2532776675152,15110.384621867464,2,3.9657165864620523,0
36,4555.780076134828,8737.135979343271,11,1.9178133784622786,0
34,4250.692064376704,12960.662245067275,7,3.049071080374237,1
25,5107.081261231002,8006.8212905158,4,1.5677881124190003,1
61,6943.219126502774,16242.939625085419,14,2.3393960825872444,1
46,6732.8351709091085,23591.153361467965,1,3.503895871890555,1
48,3461.3308318174013,12018.121700542244,12,3.472110088428625,1
22,4939.291756272702,26444.977645828352,19,5.354001940104935,1
26,6588.192749918888,23351.654464072955,5,3.5444704413604864,1
29,7071.4730148590115,31272.552151654665,8,4.422353318176124,1
53,3677.6866306916945,18290.85609645943,11,4.9734678163754555,1
61,6416.328909600479,14506.847666949772,4,2.260926438051484,1
45,5662.293018375402,2318.102427651578,15,0.40939287672482144,0
33,2868.021772922142,8746.503027255625,12,3.0496640959402734,1
29,6600.31592517147,13336.776084006075,10,2.020626926832991,1
33,5303.086416864938,14283.943750707695,16,2.693515177365718,0
51,1517.218787346948,33789.77921797201,8,22.27086791948957,1
61,4412.292878577261,13344.185747548498,8,3.0243200337714926,0
31,5079.7150831699455,1000.0,6,0.19686143486928798,0
24,3788.3510423648127,20316.562854223037,3,5.362903972473674,1
54,7456.45685099705,19851.985922154592,8,2.662388627582557,0
58,7528.936981356211,11328.562364480971,10,1.5046695692278622,1
24,4235.01968217431,32021.363662020944,5,7.561089691460605,1
58,4015.5489572925153,1000.0,11,0.24903195319881,1
39,4737.530653261358,24995.656796702915,4,5.2760939455865445,1
26,4599.838868386639,12671.226367375772,17,2.7547109213893215,1
54,3814.9962123961545,7396.6577737656735,3,1.9388375143680467,0
38,1000.0,34203.18622349936,18,34.20318622349936,1
33,8509.62375119923,20893.573842330254,8,2.455287619430389,1
61,5000.835927556284,12612.490534415641,12,2.522076452242031,1
43,4643.379776141847,12449.890489069981,16,2.681213058005458,1
39,5650.338260103901,17203.350682961714,14,3.044658548043347,1
31,4839.88450293182,11304.291872653084,16,2.3356532301143487,1
21,4139.368310709101,25396.868196870433,4,6.135445384544624,1
44,2988.708027216101,15701.483144500624,1,5.253602225951165,1
27,1322.7744470086081,23140.515613576503,1,17.493923976160627,1
45,2291.242140091213,16663.41075997334,15,7.272653757716755,1
41,2766.6518665797057,21958.67999339471,3,7.936914744731253,1
35,6301.844316081938,25764.078013971804,14,4.088339337140301,1
21,6449.2462935287895,28447.43865812559,9,4.410971044270695,1
32,3236.401791066458,18927.573500962168,19,5.848338594178432,1
27,1000.0,8067.623314871431,8,8.067623314871431,1
35,5018.241439003753,13619.341859772445,2,2.71396703911405,1
41,4156.915568681363,14790.897045776319,4,3.558142281554258,1
39,4107.475026599737,10414.329295371146,1,2.5354577271751224,0
49,6911.874951528729,9078.766215971587,11,1.3135026717987133,1
45,5277.305250945705,16396.004553683284,5,3.1068895532895473,0
53,3047.2407029598417,7133.538895138149,2,2.3409830697684004,1
52,2587.173932081901,5580.796074619257,13,2.1571012313533884,1
55,4474.777286030087,1444.5133483331556,17,0.3228123448384383,1
64,3187.1744756207163,18842.693558683324,17,5.912037041842093,1
58,4855.204751944765,17729.983825183815,18,3.651747914046678,0
46,7052.284088803932,12402.595974081323,9,1.758663692203132,0
31,2240.4351768010997,22953.850206149215,6,10.24526415395905,1
55,5175.5588696179375,7009.525141423582,3,1.3543513498748065,1
28,6830.09996533878,18046.99285857513,8,2.642273605095029,1
34,4827.6253283637825,15433.306883483838,3,3.1968733764006947,0
30,6443.161790235306,9074.557290617822,1,1.4084012765860434,1
22,4425.4550157690755,11059.660561627963,13,2.499101340363747,0
29,5341.656158847274,10444.032159564456,5,1.9552048744781565,1
23,5881.569864684353,17022.031752491566,16,2.8941306732917793,0
41,3855.995123473731,19747.43098924442,16,5.121228206184725,1
46,8981.35203438,11588.849347883246,12,1.2903234728492912,0
28,6155.160360663844,9303.163807058887,13,1.5114413373391828,1
22,7605.970997433842,16097.777028214054,4,2.116465739041766,1
26,7142.047892721535,1785.9906599323622,9,0.25006702373873274,1
48,5654.578538566822,15274.85973153817,16,2.7013259480537077,1
49,7771.5788447196155,27494.203876173488,1,3.5377887074843706,1
46,5375.829422383835,9368.293838296151,5,1.7426694752047982,1
45,3540.4494336512744,13585.15871940041,5,3.8371283007959813,1
32,5029.638463125926,23196.493994419565,19,4.611960514554145,1
25,2987.6661751697375,21037.38672860119,9,7.041411421209398,1
54,1000.0,15494.712653798806,8,15.494712653798807,1
57,3294.915513881949,14531.771791492461,19,4.410362490409248,1
35,5145.763065941749,5115.539397054692,18,0.9941264942633876,1
64,7123.849570976163,18929.222567182394,15,2.657162027157821,1
56,3288.9615908472915,4252.99990070877,4,1.293113277012495,0
35,7020.32490705431,1000.0,15,0.14244354972732945,1
63,2578.634028386246,23064.824555599476,13,8.94459015963341,1
43,3160.9550677210996,18095.89038714489,18,5.724817341421806,1
26,7898.313206792904,22037.88556046291,5,2.7902015257522756,1
64,5095.242039924991,9107.922768522742,18,1.7875348603963124,1
63,4652.756109430713,18730.91172940479,8,4.025766940897447,1
41,5470.559979815654,11487.456810936965,1,2.0998685424017722,1
43,2587.1934985639086,12382.058776306007,19,4.7859036377368,1
63,4338.303742852355,22790.032993516543,17,5.253212855615434,1
36,5005.322316253103,13801.669654388834,2,2.757398781207865,0
35,7462.761872358865,9428.913663257472,19,1.263461681415963,0
45,1659.1657213971976,4075.852623107594,16,2.456567520979932,0
56,8525.980630751541,17885.515006883714,18,2.097766319380807,1
31,4750.704523349914,23475.809339414744,2,4.9415427173022755,1
35,2778.8875020659816,8734.972879599834,6,3.1433344721964325,1
24,2416.7305677312174,20511.83147767392,7,8.48742998146047,1
41,5546.298634008413,7457.770810132187,6,1.3446392454245324,1
33,2305.5810398629487,20994.418426367884,6,9.10591215983276,1
42,3879.7529098138025,15263.31571729165,9,3.9340947921408143,1
39,4500.193878244403,17142.689380505442,8,3.809322407947694,1
54,7287.351478809652,9420.717213501783,9,1.2927491202936467,1
34,7036.906918527948,17860.406907894798,12,2.5381047546428284,1
24,3714.015219762082,10218.502069322863,18,2.751335539755127,1
47,4574.633659558156,11690.61206292047,6,2.555529673615355,1
49,1809.230199648509,2858.9788276172494,4,1.580218386898849,0
48,1000.0,8822.7827131856,7,8.8227827131856,1
55,2541.8951048147605,10796.037576603732,18,4.247239611168175,1
28,7246.19472265162,17502.47610110991,5,2.4154023968466003,1
36,6560.16144444292,19765.246204623,18,3.012920698981584,1
62,5766.872525193228,10136.545788623267,10,1.7577197595994418,1
56,2084.751026758846,13684.443694168524,8,6.564066173140912,1
50,3576.6808452177092,28491.082115688805,1,7.965788212214551,1
38,3284.3579436427567,16048.868504678681,15,4.886455368162007,1
22,4668.003258758876,10704.860444768783,3,2.293241853394717,1
33,4541.892886735768,1562.809918485662,15,0.3440877971934834,1
24,2996.0862866083426,8168.619893046187,14,2.7264301197056993,1
46,5698.4336157970865,7857.043055382726,1,1.378807508365384,1
45,5457.892760408477,30822.989763203033,8,5.647415791455783,1
50,3542.353801814107,8212.339821656074,7,2.3183285129369002,0
31,5608.556783265062,15408.343426705967,9,2.7472920435934123,1
27,7248.570736661041,17966.060471031,18,2.4785659302687346,0
51,7856.1215542464915,23852.199400151323,12,3.036129117332512,1
64,5981.3243132197185,15064.193934874138,8,2.518538227659679,0
30,5922.535886818712,10917.483939194408,8,1.8433799554499162,1
59,4519.722171951377,10387.707587360928,6,2.298306664030206,0
33,7059.425791070318,17851.039941438587,3,2.528681576909401,0
51,2859.2970973204256,9525.284339681422,2,3.331337743324396,1
27,6827.70028681633,6166.550858089879,14,0.9031666006190883,1
62,4424.790531638395,10915.96542535681,8,2.467001623535586,0
62,7981.873654403459,4404.125270378747,6,0.5517658460991886,0
56,6176.412814080149,29804.932676164786,4,4.825605666807041,1
40,4864.2675378538,19772.421680571017,5,4.064830218877097,1
24,4527.024702191453,27966.750747316542,13,6.177733188373885,1
27,6051.2257088968745,18883.488293923907,9,3.120605510741447,1
21,5954.248695372111,27196.744240340515,13,4.567619800879153,1
64,4203.313990998944,17939.717312447327,9,4.267993623808208,1
62,5183.671516536693,20809.450567962685,16,4.014423078618582,1
33,6792.780174697204,1000.0,12,0.14721512757397248,0
42,2273.2874842395004,7685.363224190484,2,3.38072649300734,0
41,6451.756441107426,15295.422202047774,19,2.3707376962640514,1
42,6042.429156718707,15489.502118319111,16,2.5634561393402517,0
48,7373.294951122982,14388.951850617315,13,1.9514954909576514,1
29,3568.6925973935245,18623.96221672562,5,5.218707330053603,1
46,5011.432172185782,18953.623503439845,6,3.782077229067444,0
29,5410.136752009791,21920.92653670272,17,4.051824850556577,1
35,6477.59303440047,20351.948168833107,17,3.141899786039394,1
30,5858.233858322001,24632.699196619957,17,4.204799567983721,1
44,2520.889802375451,24697.86893941182,3,9.797282259676269,1
62,5582.088065723292,16397.315591002916,13,2.937487799895227,1
28,9008.457548540817,31653.19030851445,12,3.513719206418596,0
44,6223.51515192263,25874.64427937292,6,4.157561064405775,1
36,8276.0938890732,8544.392764275712,13,1.0324185393252658,0
46,7086.1227545896245,18140.826648458344,14,2.560049730539691,0
47,7724.803870876818,1000.0,7,0.1294531248579769,0
57,5619.93732196941,1606.4137465412132,5,0.28584193283818926,1
24,6043.690219224234,11004.045357313913,14,1.8207494027922544,0
44,5511.03551328275,7996.440570690032,18,1.4509869427291722,1
39,5008.681730099045,11053.256399405953,4,2.2068194776647103,0
56,6484.389960138209,17627.95089917267,1,2.7185210956678714,1
59,3957.996121985598,24802.322446797843,7,6.266383715999025,1
30,8770.764632029266,24374.015491784863,13,2.7790069069662766,1
45,3143.9740646234527,18305.549895743774,4,5.822423951177279,0
38,6622.7762398343175,6303.044647503026,13,0.9517224226287176,0
39,7757.342834607178,10540.895029601921,4,1.3588280490294586,1
56,4646.756492079194,20097.466603257697,3,4.325052676531598,1
30,2774.0453777236726,8391.06798767722,8,3.0248488561361477,1
53,7311.059178564709,4864.666099489159,8,0.6653845880159022,1
25,5406.79062010051,18938.537004833255,17,3.5027317193357854,1
55,6626.632145203486,14613.09890732394,15,2.205207500147907,1
64,4781.090802325365,13312.647681543018,4,2.7844373244424023,1
54,8463.849364644793,23878.415485218793,6,2.8212240620637403,0
53,1000.0,23710.46466920288,6,23.71046466920288,1
41,5752.35510256747,29248.943925914427,10,5.084690253711847,1
37,7683.498967503196,9788.705679948698,4,1.273990628664014,1
42,5210.6780896587925,18437.868647120704,9,3.5384777815602995,1
57,5604.717386033823,15152.06776445881,16,2.703449027102715,1
35,4131.976374865983,17706.52665396279,7,4.285243923868534,1
55,5041.377015733235,5924.950593720743,14,1.1752643325881071,1
48,1656.28677372739,3780.213324518303,6,2.282342275795105,1
27,3563.137334760617,14678.270910169585,1,4.119479416909907,1
52,3426.4897457955435,8259.89928020724,18,2.41060090442194,1
31,6338.247982058596,22505.6609644103,12,3.5507700279503265,1
30,3857.260481424531,2994.5810611312027,15,0.776349192789093,0
29,3915.0489001203596,3654.3929020297583,1,0.9334220325874888,0
34,4244.153279429721,11666.700198009148,15,2.7488875707092233,1
33,3502.710594969365,2695.3999525367144,15,0.7695183143043219,1
45,5538.044538523394,28408.025056778624,16,5.129612963414888,1
22,5755.262938865819,13536.661008509665,1,2.352049098764081,1
55,6650.037159443518,10177.594357087788,3,1.5304567648370042,1
27,6305.500164575885,18743.712205010565,12,2.972597211290579,1
41,6105.515489969401,22070.78828816594,7,3.614893504803237,1
38,4342.063332005113,16655.67120867429,5,3.835888593772053,1
23,4213.792499324242,14455.2680568635,1,3.4304650879656897,1
62,3257.5779953030874,7132.216602366952,1,2.1894231274432974,1
59,3221.5126222117974,20047.274551369755,15,6.222938384020944,1
61,5388.522819358521,26333.624721489567,8,4.886983985088601,1
31,3561.167918439838,13242.24196106167,11,3.7185109672848986,1
59,7936.648266711918,8209.71599751183,14,1.0344059257287763,0
44,4924.998353851014,16451.966140005556,13,3.340501855628284,1
39,8002.78021431908,15021.199152004441,19,1.8769975870545041,1
24,6143.534109142334,5269.180939407675,12,0.8576791217886275,0
46,3445.5271310565768,10978.490406336306,19,3.1863021211995894,1
58,4875.907622836365,29307.8861438261,4,6.010755004168312,1
62,1653.0953177645674,4219.561063127232,4,2.5525213324257803,1
52,5380.85071013057,9475.037172604574,3,1.7608808872481532,0
59,3628.4631843093653,7410.293003809899,6,2.042267656415635,1
56,2773.083983569478,8117.601262467084,5,2.92728287731777,1
60,8044.293517096095,11436.188846723846,11,1.4216523579627152,1
57,7061.175481968575,18587.056811690076,9,2.6322893205464166,0
53,7006.077957524925,25468.50024496905,3,3.635200806981378,0
56,6564.222553301888,16626.572751426535,9,2.5329081420408506,0
23,2530.221911748434,9524.945430691721,12,3.764470375687243,1
29,4199.041014386325,27319.321167122594,3,6.506085811861311,0
28,4320.992717060226,1000.0,17,0.2314283002727084,0
53,1580.5258518021374,20387.825222497257,12,12.899393704475493,1
26,3885.997810312021,6785.931047769627,18,1.7462518969419492,0
61,3907.8040487659127,14592.614580290423,4,3.7342237221179966,1
59,5251.997894989924,19504.799420405805,10,3.713786602811124,1
24,10064.775200476688,2156.9911222681494,18,0.21431090901722177,0
33,4958.207446790522,16133.230546008146,8,3.2538433938360694,0
22,5253.028909139334,16747.81654330822,9,3.1882208975035344,0
25,4499.579454471716,26698.701457306885,19,5.933599290212224,1
64,6475.425760107489,36721.19453778013,13,5.670854071712896,0
47,2852.165582708446,2576.2415540995717,6,0.9032580610741211,1
52,8792.074990307878,26337.22947066027,7,2.9955646988559184,1
41,4751.681585066362,14696.958126881902,6,3.093001469852624,1
28,4209.620333937872,8531.430086943214,11,2.026650721482648,1
58,6940.074147327599,17952.425362041344,17,2.586777169946268,1
28,3218.154815910293,4581.668834509421,19,1.4236943517627014,1
23,6438.501966110667,5059.098929567777,12,0.7857571460250479,1
64,7810.3401111907215,1118.7308941473002,13,0.14323715462075373,0
23,4517.314455193981,19368.71208098584,18,4.287660793398124,1
42,9105.683226159743,17616.094600154494,7,1.9346263385865616,0
26,6288.583052522508,8484.930439516931,5,1.3492595022838114,0
22,6313.388519328859,27188.81450953317,16,4.306532763870433,1
43,7731.73067037198,9696.354481321589,4,1.2540988421231556,1
64,8261.469909272746,25263.91675316458,1,3.0580413692251227,1
22,5523.67797281276,15976.647016268327,4,2.8923929119156666,1
58,6593.810882753875,9589.053415909628,3,1.4542505974791928,1
37,7792.682986321855,14080.148774014096,4,1.8068422388961987,1
55,2676.377847277126,4970.059688830475,1,1.857009724500178,1
54,1540.9952007347047,16733.866904354167,12,10.85912979896103,1
43,4884.89215918819,15244.40063490969,13,3.120724089320147,1
50,1493.0172851612406,19219.579688936803,2,12.872978685481968,1
28,4372.009807384095,22033.219144677907,9,5.039608810452565,1
42,5628.747068398275,15924.926214825644,7,2.8292133260408283,0
64,4448.722467889746,3189.4267617803,13,0.7169309357464158,0
56,4716.8139037926185,22458.906659784385,2,4.761457016933823,0
25,2996.6669727581498,15117.311734237326,1,5.04470862850778,1
33,6576.287087941888,1000.0,18,0.15206148798363356,0
49,2873.073265755321,17476.918431717113,7,6.083004787948731,1
51,1000.0,18080.991791266293,18,18.080991791266293,1
36,4585.32245493356,12132.162872557392,19,2.645869072850883,0
62,6830.039849839912,13417.305145303066,8,1.9644548846398826,0
50,5159.661583765953,10237.879108826364,12,1.9842152324559827,1
36,2670.4059698395304,18329.013436125017,11,6.863755415146275,1
32,5203.901934812672,16119.931079943024,9,3.097662346806561,0
37,5876.607409536699,7734.170397671169,4,1.3160944501958685,1
36,5180.633383037853,27943.764630305966,7,5.393889620098947,1
32,4470.831506222828,9673.575445392333,17,2.1637083464066915,0
28,5972.077363285497,1000.0,11,0.1674459219412819,0
40,1523.1461943597092,11234.606109926903,2,7.375921071482988,1
23,3212.089218474839,23247.500544290597,18,7.237501502317844,1
36,2389.5838043893796,13347.743707600486,12,5.585802717227275,1
50,7696.772743976313,1921.7617753257691,9,0.24968409997940863,1
43,6424.063441976775,6775.2684492011285,11,1.0546702270916992,1
48,5370.2500686280355,6352.108673807537,5,1.1828329393663306,1
60,2098.7566932943837,10397.710039312316,7,4.954223647044671,1
25,6488.295577896239,12906.36018831865,1,1.98917574474981,1
40,7773.080269983633,18950.83687147162,5,2.4380086417802453,1
60,6142.989472927125,16027.50963968987,6,2.6090732712997453,1
64,4929.645166992886,16411.23025657697,13,3.3290895593176995,1
21,6263.4360637012305,29234.82500608782,11,4.667537867196202,1
50,5545.832228505378,21886.63472251935,8,3.9465014123620317,1
41,6852.152467279478,21182.437309098408,2,3.0913552216254914,1
40,6807.371283585906,1000.0,15,0.1468995825762029,1
26,4557.868926779347,8985.555220074855,10,1.9714378286047318,1
42,3678.71723423178,2223.808033800993,8,0.6045063787745533,0
38,4200.354118627644,8847.577537235085,2,2.1063884823420076,1
28,6071.700670009868,21358.933701504877,15,3.517784367566684,1
59,4321.120696404383,11857.371568658995,6,2.7440500744460916,1
52,3498.9407636923524,23579.53276127939,5,6.739048859002817,1
53,4998.093257493587,20545.08161650262,3,4.110583888305726,1
36,7214.913861337903,15403.622186976252,11,2.134969659099973,0
32,5270.2161342681275,23768.371275362522,11,4.509942414090998,1
58,4447.564007999145,25915.328078158534,16,5.8268589348121,1
54,5640.86358589353,18635.098163406223,3,3.3035895797955845,1
34,5168.078418099735,16839.736908977036,9,3.2584135817290645,1
56,1132.7259179806442,20066.9504741997,3,17.71562754560596,1
53,6393.5182860383175,3747.3065010207247,19,0.5861102343609167,1
43,5814.916879894218,14059.428290591477,11,2.4178210249580108,1
22,5032.343597891492,14808.07592226886,14,2.942580456643166,1
61,7124.713401445841,12050.045513147486,2,1.6913024895432471,1
41,7425.998728500395,8684.033642149154,7,1.1694095245156075,0
22,6597.537322947102,22984.361773087818,10,3.4837789690321546,1
47,3299.3983679289313,16360.465532351329,10,4.958620847782311,1
29,3368.57777874608,17087.925857539274,1,5.072741964087908,1
21,7234.671080003967,26396.64057013302,6,3.648630363181424,1
31,1245.5521461096005,13437.373157945007,14,10.788286303319978,1
23,4702.304969675773,11889.766054313583,2,2.5284974349788696,0
43,5879.651614062165,25890.344995513864,6,4.403380794466257,1
46,1499.1845291049908,3074.084962275714,1,2.050504726133303,0
24,5468.6864777005985,15409.528959839183,3,2.8177751682554635,0
38,6908.858153171905,9098.86053234068,4,1.3169847072577874,1
26,2028.8478597930484,17341.432950574686,13,8.547428959184545,1
55,8316.340413388316,19575.719477771527,3,2.3538862654367723,1
42,2980.33984780218,20020.725858272366,15,6.7175982876705955,1
63,6149.47249295406,23209.912655187814,13,3.7742932717857114,1
35,4832.807143282735,12979.781385513073,11,2.6857644016592026,1
42,5139.031247400902,13478.229742901745,4,2.622717997622304,1
57,2433.0097286516866,19212.81771481416,17,7.896728684871072,1
62,7520.945924706119,22100.01354644898,5,2.93846196578159,1
32,5651.766926700467,4597.569462893165,8,0.8134747102137229,1
62,8241.680353806312,17512.969397437424,10,2.1249270349764644,0
58,2485.165558841946,11838.045396574576,7,4.763483605531274,1
38,4637.530732242612,15697.220563074889,17,3.3848229735577497,1
55,5419.058479404414,12146.490773698197,7,2.2414393237980272,1
50,5120.766294589849,9218.027149661719,19,1.8001265082924551,1
44,6333.5706893448405,6851.8138974142175,9,1.0818248083882973,1
62,4612.162916152249,13791.807880237719,2,2.990312382925037,1
50,9244.05209260137,17867.246334047166,19,1.9328370453848385,1
34,5079.684644376359,10175.937599410156,6,2.003261680954108,1
26,1000.0,24518.49573493499,10,24.51849573493499,1
23,5168.402016678744,34667.602744011325,13,6.707605683949678,1
36,7522.927969732365,18305.00096787155,2,2.433228264516105,1
27,3153.387796298932,14670.115803626524,10,4.652176247033284,1
34,3026.489621657527,7701.898076602666,10,2.5448288411392417,0
29,3319.2205873208195,17960.464706943836,5,5.4110488394629455,1
35,2847.046380045742,26817.4058669464,4,9.419377940206067,1
41,4041.196572588012,30587.835280778752,2,7.569004558763663,1
55,6818.59445269844,26169.246387893523,7,3.8379238667783087,1
22,8052.665456825387,21746.477026448872,18,2.700531537419911,1
47,1000.0,18281.54696037731,17,18.28154696037731,1
22,4243.090692845085,6610.655752956927,11,1.5579812526996302,1
55,5605.395988753466,14202.227617358894,18,2.5336707069141786,1
38,5405.356726770381,13272.974900230998,8,2.4555224698669242,1
34,8799.879333245779,14254.367716741972,12,1.6198367246797623,0
40,1000.0,9244.702297385584,1,9.244702297385583,0
38,1000.0,21062.89574749101,12,21.06289574749101,1
30,9124.425048076511,12809.081652743653,6,1.4038234283533175,0
45,6506.867386494673,12159.756742852001,3,1.8687574251305907,1
22,3857.25682609418,9271.787006311479,5,2.403725607169383,0
45,5343.19754613591,16858.39990619496,14,3.1551144723044366,0
53,5486.435245122133,26974.19620844637,12,4.916525030060006,1
56,3808.958419328041,14918.333627115697,13,3.9166438655288656,1
51,5283.5567413828685,17253.92438773031,13,3.2655889266014446,1
34,5709.6267493202395,30482.084504320526,17,5.3387175454069,1
21,9031.060522725651,24627.540314010323,15,2.7269820916422693,1
36,6926.902444571082,19701.95854041758,6,2.8442667841899336,0
23,8478.64628048415,19365.582130059505,12,2.2840417549479004,1
55,2312.8570326542117,10175.47273765669,2,4.399525173408327,1
61,4305.605480764285,9393.044408939122,4,2.1815850176946006,1
26,5484.493967863251,16131.265224040275,12,2.9412495151900018,1
45,1157.7984937340743,16334.192841266316,3,14.107975549861088,1
33,7363.718676218561,8201.881047737228,17,1.1138232472440246,0
54,6284.419544622525,20626.373311579522,6,3.282144542566254,1
28,4265.682960092272,12781.616892023047,17,2.9963822936682956,1
41,4633.33131299843,24018.56588570302,17,5.183865401190049,1
54,7507.733777647496,14556.731905685217,11,1.93889825302869,1
24,3409.124104726069,13848.638159713064,7,4.062227638036027,1
45,7588.370699324574,7500.828403952155,2,0.9884636242955012,0
35,4495.922526827424,8377.122119050928,19,1.8632710125817709,0
24,6511.992105553833,25542.114920620807,2,3.92231969980997,1
32,5173.528411157975,17151.709975911835,13,3.315282842347979,0
52,9466.387693302371,18114.41904418111,16,1.913551359933987,1
52,3225.215219784948,27805.17565506498,17,8.62118455986915,1
48,3853.4347548461324,4459.291037262059,11,1.1572250008006477,0
33,1987.7490446223378,20370.045736331125,9,10.247795510927451,1
51,2806.485665941358,2296.873082454813,9,0.8184161103436066,1
34,6426.256215389032,11498.784463573023,14,1.7893442275203326,1
40,8200.327277730123,5839.303802331709,13,0.71208179924595,0
38,6652.961740720553,21868.724367457602,11,3.2870660045444806,1
49,4989.217000546268,1000.0,12,0.20043225217313865,0
26,3212.770996687893,13159.323909177636,3,4.095942077024424,1
52,6796.8373432543,5729.83845441298,1,0.8430153856925396,0
49,3102.796189628325,8161.533019167906,8,2.63037999287525,0
63,2302.0965313884813,9394.31068649941,19,4.080763147161925,1
22,4383.061333580191,25552.83629998906,13,5.829906167230583,1
43,1000.0,12318.164399747751,7,12.31816439974775,1
39,2237.2302508955026,28818.605568119216,13,12.881376673940427,1
51,8771.980671765641,30492.690614772273,6,3.476146580317834,1
25,1866.3831510831956,31909.470948988426,3,17.096956179908226,1
39,2623.7032379083776,14529.864632382849,6,5.537922285740704,1
54,5143.665815413328,16682.857114970888,3,3.243378888453372,1
30,5247.80776006003,18023.6451429022,13,3.4345094117350117,1
45,4530.751405242292,12060.097371513888,13,2.6618316241230513,1
22,1000.0,18394.962070735615,13,18.394962070735616,1
31,6696.9786552755795,7518.43034290682,1,1.1226600426722486,1
51,4113.893200484007,1000.0,8,0.2430787459145386,0
35,7440.899044349802,20713.07679537291,5,2.78367932045809,1
29,3710.3647569423056,12201.813562267973,17,3.2885752106818282,0
43,6964.988678281154,7186.4652956891005,9,1.031798561008229,0
39,7592.16689815887,8198.189578646046,13,1.0798220967236822,0
29,4066.1154484923595,27120.974566123186,13,6.669996194077358,1
55,6760.900388211294,18712.902327376767,5,2.767812163008006,1
41,2342.910643767206,2821.5425402905166,14,1.2042894370711938,0
29,5527.378974138987,5504.10869929715,11,0.9957899983064827,1
48,7444.455416709679,12664.963153463845,14,1.701261199716008,1
27,6036.985691928247,18811.274866736254,7,3.116004547085124,1
36,9812.44784570648,8643.428973017206,17,0.8808636854869207,1
36,6148.715984582312,13616.426601237376,4,2.2145154590617104,1
53,4269.457494784998,15916.409505841413,10,3.7279700114786913,1
24,10681.772786002995,16082.147272821403,10,1.5055691218123326,1
24,8267.4020346951,1000.0,15,0.12095698210917837,0
59,1794.1848764032065,16773.130974424515,12,9.34860793612837,1
60,3431.6727901433705,1137.1228564772064,9,0.33136109588982665,1
37,2923.683785917353,12708.81214799235,3,4.346849070753647,1
57,6291.2592090181115,10988.679624732014,15,1.746658222090175,0
59,6142.316073633578,6370.136806398514,12,1.0370903629891135,1
49,6126.903864790998,21745.337632009727,15,3.5491560030788087,1
56,1740.1810810020984,6008.1931208259575,1,3.4526252390734458,1
58,3723.8169067899016,10816.504884900281,15,2.904682253624708,1
59,4701.429490552711,22029.873384025526,11,4.685781936811657,1
57,1356.1589013585558,10587.996752082716,5,7.80734229703909,1
55,3256.3444668842185,8931.920074516598,7,2.742928509360978,1
27,7712.867420331464,12854.756447578962,12,1.6666637382736864,1
47,1891.8480040608233,19324.020164568785,6,10.214361895400723,1
48,7910.520987436961,26570.460838353647,3,3.3588762207383485,1
42,7182.298185071005,7511.027216497404,10,1.0457693377461952,1
34,4418.525560391038,8159.344276271274,4,1.846621495055734,0
27,3702.2540012646305,12789.316760587724,13,3.454467671915298,1
57,6663.6552442906,16841.1252101374,19,2.5273104013847094,0
42,3424.5196782087387,8838.026688021131,5,2.5808076806391815,1
25,3524.0041001077525,20508.506943089236,18,5.81966035239918,1
22,4952.263191990543,7661.777988379499,1,1.5471265745268026,0
47,1000.0,1000.0,16,1.0,1
41,2100.0488031965874,19254.202249325415,16,9.168454666395204,1
58,4368.677501997034,20180.715785169963,16,4.6194107429410485,1
35,5951.392064425198,23357.205085062076,19,3.924662470933677,1
41,3396.852123842643,1000.0,16,0.29439020703343527,0
30,4604.779043956635,9675.079587817161,1,2.1010952958784954,1
43,1773.0811837247356,12991.534654410065,10,7.327095213496413,1
59,6864.967704540641,29055.66538734307,2,4.232454781706404,1
25,5440.164659121963,13726.388840167529,14,2.5231568712081875,0
21,5617.091805278434,4227.866495796319,8,0.7526789025992692,0
33,5976.50123596979,17373.923718038335,6,2.9070392579311695,1
41,5156.2550069895715,25475.649806368907,3,4.940727285953728,1
46,4032.4544828520015,23773.111543686682,16,5.895444485432323,1
41,7259.309097440617,19494.38531462239,17,2.685432601498597,1
38,5313.762295521546,17101.058936865324,12,3.2182581729856725,0
57,4668.5611426531505,1000.0,19,0.2141987583419971,0
52,4982.690692158992,15205.331640429697,3,3.051630650956833,1
56,4940.06986702252,16425.12210025389,13,3.324876477942132,1
37,4648.468792149376,13720.722605991254,16,2.951664993247597,0
55,5892.2127250158155,20656.79909991492,11,3.5057795880679907,1
31,3128.2795557552627,13592.017577818438,16,4.344885850375002,1
41,3274.4179285193836,12051.4943599776,2,3.6804997477603623,1
46,6118.527378857271,23311.981773218038,4,3.810064142848031,1
24,4709.521318544407,11691.290289794535,4,2.482479534333654,1
54,6942.786204286192,15517.232577112984,17,2.2350151827422367,1
38,5817.758001263727,22180.25023745506,1,3.812508226130597,1
60,3894.7441798475356,6914.64998997422,1,1.7753797606919852,1
55,6150.192726257349,6046.509342709047,5,0.9831414415509874,1
61,7394.381915917872,25863.521245206823,12,3.4977259139848416,1
49,5893.959112242508,10258.303970508732,6,1.740477627203236,0
49,6331.1698861335935,20539.459453488802,6,3.244180747459317,0
58,4656.4582987931935,1000.0,17,0.21475549351728723,0
62,6986.079765761006,1000.0,13,0.14314179533148635,1
41,3838.6191701407124,17913.84046676208,8,4.666740740031633,1
62,5677.086051481033,13979.8347856842,12,2.4625018290919076,1
33,10139.012304871867,17989.051533312377,15,1.774241019972775,1
61,6077.7621120513195,29997.67042087871,19,4.935644052503747,1
37,4158.577538816263,5101.2654407009195,17,1.2266851809508383,0
29,4153.4155166172,15305.503153971436,9,3.6850402019100628,1
61,4857.316605419311,26819.728684660695,18,5.521511332973006,1
21,6702.4915634588215,6256.079092026726,2,0.9333960412772644,0
22,5291.555018334764,10322.183713817336,11,1.9506900482092493,1
49,3702.9443735232067,1000.0,17,0.2700553665213553,0
53,3699.40601442262,32902.79407334866,18,8.894074871769359,0
30,5304.098662045961,1000.0,15,0.1885334462489557,0
60,5084.789973477582,21388.68562114754,7,4.206404931710369,1
41,5909.952338238042,4441.6003137585685,16,0.7515458771166268,0
48,6834.979791569789,6592.862140810432,1,0.9645766837441153,1
31,10454.719404818998,23511.63149778574,18,2.2489012461633635,1
54,2075.9329664647994,9059.916541644456,8,4.364262569168117,1
28,6373.724254572882,20214.300569816558,7,3.171505349531498,1
42,5196.615416776581,26040.25267075994,2,5.01100246646932,1
28,1310.8475377788232,16605.575885218896,12,12.667816360517682,1
35,7499.061447303455,22114.286793713305,16,2.94894060398255,1
37,5842.346453163895,15645.385564821463,9,2.677928412880886,1
43,6599.612585640313,16016.048682228371,11,2.42681649481618,1
44,1601.1621098046348,9920.567233294183,15,6.195854356374094,1
39,4559.166145003583,30430.875469385013,3,6.6746581505336,1
25,2841.606110211408,20942.75595292264,13,7.370041849806042,1
52,9326.201885361224,19174.442195621392,13,2.055975458317963,0
64,7289.100691488762,21162.35806463683,2,2.9032879308893897,1
21,3638.064433429076,9581.677319069255,6,2.6337294169465815,1
43,1926.7221981007956,22447.775086819587,6,11.650758531223007,1
57,5388.11013276751,27447.046251935302,12,5.094002456448974,1
28,7184.84400458872,3954.41902639651,4,0.5503834215288397,1
33,1529.8927891281414,19332.50241230682,5,12.636507962969137,1
28,3136.450658013661,15502.320558670333,8,4.942631735354025,1
43,2788.8305819720827,10846.52050899604,6,3.8892719332294736,1
63,6733.892331821175,6253.952076438438,3,0.9287276612495321,0
21,4260.341822910975,23415.357303903827,8,5.496121737927769,1
44,4344.126955244989,16663.917303399645,19,3.83596461960672,1
55,5349.309361277936,13342.95997198234,11,2.494333206557106,1
44,3243.4383753419716,19339.05690799858,18,5.962517140767186,1
37,2112.6265265448706,13980.153699847055,10,6.617427890916018,0
25,7739.37032472057,9367.426226023366,12,1.2103602532240343,1
40,7924.971416959188,16031.616383564393,8,2.0229241898913655,0
41,5359.164918926357,14775.952291345184,19,2.7571370754355073,0
60,5504.3110113352395,1000.0,16,0.18167578066367643,0
51,7522.027953160015,9963.467241792458,18,1.3245719510530123,1
56,5313.30711320748,4884.839990391407,9,0.9193596165839883,1
31,4161.844188112709,1788.7817987544095,4,0.4298050858952451,1
35,5078.678253554926,18741.594983380954,9,3.690250503713714,1
39,7786.337274334945,9649.864561360735,2,1.239332977928953,0
27,5106.643336857612,23331.250364153002,9,4.568803580966349,1
48,3661.2349306928945,1000.0,9,0.27313188553315493,1
63,5294.004098570195,12617.968521334193,18,2.3834451742759426,1
25,6312.446275071528,10072.589525788466,11,1.595671327226358,0
25,6072.506989811397,2376.282606373019,13,0.39131821673651507,1
50,6105.6478961432185,15040.696257451815,6,2.4634070803448456,1
52,3346.64464173314,3074.68362961654,9,0.9187362145579465,0
28,6540.207133116914,16781.726716978283,16,2.565931991970489,1
30,5056.931878424578,20766.070074187628,4,4.1064563599889805,1
58,3576.41766506109,17140.42541059805,2,4.792624076893231,1
52,6524.303427304067,18151.06796780696,7,2.7820698669294166,1
48,4092.722302166472,23249.87924059201,15,5.6807859229258595,1
37,1851.4053028888939,14785.892790983697,6,7.986307896986198,1
51,2998.7952377793563,8391.778856918503,11,2.7983834145117275,1
28,4636.726133905834,10128.387958751004,17,2.1843834779646913,1
60,6156.604564222558,10301.007082414202,4,1.6731636691879999,1
45,3271.8600958238176,6653.290387651188,19,2.0334886556254066,1
29,4518.675079124931,21273.69042753885,7,4.707948691822877,1
22,2566.785536673884,19215.22262946698,11,7.48610367127385,1
35,6964.065832479622,1679.974119353299,13,0.24123466948260142,1
23,8434.662227911103,8389.40429747728,3,0.9946342924931765,1
56,8218.565048976641,6264.117160948268,14,0.7621911031449782,1
24,6929.959100972275,17538.76804602728,2,2.5308616963650743,1
34,6725.019914240524,23612.076088986847,18,3.5110789841658674,1
61,1000.0,18585.488186734266,5,18.585488186734267,1
61,5354.34646444021,9390.460306826697,13,1.753801396527383,0
45,4007.8147526801836,12448.173581291572,13,3.1059752881459874,1
30,6760.932722089802,3857.189947453595,14,0.5705115116515076,0
41,1000.0,4470.699865745275,12,4.470699865745275,1
56,5385.935405540356,21768.39771939754,13,4.0417116211614825,1
32,4571.112432335195,26552.897625050035,18,5.808848068846393,1
47,7236.859865862809,9281.851769523464,13,1.2825800059093506,0
60,8095.974107349477,15384.950561060241,4,1.9003211172691221,0
22,3142.3079659744635,20764.19008001015,10,6.607942412026108,1
33,3232.5791282063697,1689.2623852891993,5,0.5225741794065546,0
52,5460.993242423428,6610.507106915229,18,1.21049538306729,1
51,8467.525383043083,30949.083881956674,8,3.655032902993685,1
36,5120.289354566032,7338.268016884734,14,1.4331744768175676,1
52,2441.677169291339,12105.325524646738,2,4.957791176038285,1
52,3788.263107673414,10176.525116831745,8,2.6863300746504173,1
54,5405.328328926923,1000.0,16,0.18500263798009142,0
31,5480.404857127913,15661.780308035342,7,2.8577779774181007,1
30,3591.8247288152534,14797.987005609059,3,4.119907880496748,1
35,3748.418612440756,16446.80971536099,4,4.387666217635113,0
37,3036.864010887203,14323.395541215867,7,4.716508704329953,1
60,7282.342367707591,11321.11247209447,4,1.5545976693290573,1
38,3330.449641413221,10861.822397183556,9,3.261368153452854,1
29,4070.411592163432,10998.591766720327,17,2.7020834423465643,1
45,4013.4941669520954,7090.482249224599,17,1.7666606588366398,1
60,1788.0855049692173,8329.563100901536,14,4.658369567760091,1
34,3273.1693903643686,7224.690562157134,14,2.207246158242022,1
45,7456.2751985730765,19587.283951161877,13,2.626952926162159,1
42,2581.424316418544,17448.8205636641,4,6.759377159611059,1
50,3072.7153963472647,15217.070785454696,13,4.952320284379156,1
40,2334.9084524414816,30538.121686879356,17,13.07893748679841,1
41,4818.776879537479,7594.437520444589,15,1.5760093713186254,0
64,8770.95344253258,23950.21452202637,18,2.7306283950711334,0
52,4734.611556945857,12919.75860409783,11,2.7287895635586086,0
41,5133.52425070878,16257.317479522117,4,3.1668921165177095,1
55,3409.1055282660227,20369.089851686265,11,5.9749074010174805,1
52,4876.763910415455,11179.707698464435,10,2.2924439041610336,1
50,7458.100612695232,6546.417294611068,13,0.8777593162886151,1
59,5285.818775276347,7865.793351799954,8,1.488093649481716,0
32,9263.540164124326,1000.0,13,0.10795009060065203,0
61,7518.959424611382,19854.369258570285,9,2.640574065818484,0
38,4827.367309110134,19661.917013280952,1,4.073010350004916,1
41,4788.42424881577,27669.204448739074,1,5.778352754683751,1
33,8261.846275247262,18319.43127254968,15,2.217353199542727,1
41,5274.651151710458,20241.797979410883,4,3.837561460883891,1
28,7817.843120543446,14347.629153045144,1,1.835241374355922,1
60,9005.814680253334,18719.033766528355,12,2.0785497404885294,0
27,4591.561264351782,23716.74346927936,11,5.165289561398806,1
43,5703.910731870032,16451.77773486913,19,2.8842978980976097,1
64,6960.008369132759,10830.147537289999,15,1.5560538095501562,1
52,6535.000078045039,13238.190123507828,10,2.025736796543094,1
31,6520.981465841002,21014.908825868013,1,3.222660413306013,1
42,2333.0523456445303,11069.892749793355,3,4.7448111357035065,1
42,3303.1665436764015,22112.530609369212,14,6.694343236099177,1
63,4009.4659581176247,30268.782973525587,15,7.549330332196226,1
45,7428.841606937352,22211.697078654448,1,2.9899274010516352,0
42,2529.250185746228,20977.08722566997,10,8.293796850895914,1
48,8046.453414357678,17781.058088460035,1,2.2098006628277282,1
49,6559.668228157366,8785.044131342558,15,1.3392512892089221,1
33,7308.460449445548,8059.344271708701,3,1.1027417234391845,1
38,3140.9338455100024,7979.020878804075,12,2.5403339488382315,0
22,5144.604725380261,19437.856550788463,19,3.7782993229575523,1
49,5597.885572262632,11884.296901703437,16,2.1229974690068336,1
41,5509.934004045387,14768.060864650397,8,2.6802609348510713,0
35,5591.314801693435,18349.25144522292,14,3.281741789903424,1
47,4446.947039209777,8276.629693931445,18,1.861193673087279,0
51,5270.414162127319,10984.609602976056,1,2.084202353945993,1
35,7067.1279101303735,17583.0624130339,2,2.4880068164366262,1
43,2666.9753831182197,12673.16904712531,12,4.751888272889823,1
44,8094.100237810807,13420.391747539235,17,1.6580461513000757,0
64,6963.797912736894,6738.75986962621,2,0.9676845816132765,0
33,3069.5962146333336,13528.707861210132,17,4.407324910265486,1
42,5767.672086910643,28217.359822942795,7,4.892330804828565,1
63,6802.997552316089,11429.179958392426,6,1.6800211775030474,1
57,2529.4133522286324,5823.913479647341,6,2.3024759770940437,0
53,5083.956866753202,22665.089260891236,8,4.458159235990131,1
23,4842.969398329988,19186.839454733014,5,3.9617924204413217,1
39,3708.838914986211,16700.94754014087,15,4.503012377447233,1
43,5184.713673528026,4450.864273339996,7,0.8584590304504375,1
49,3799.4268480744195,5587.090534415438,3,1.4705087787772573,1
50,7748.614137941474,2701.449201623829,10,0.3486364340167681,0
59,3746.7113573451797,18452.252009203577,3,4.924919549254617,1
64,6583.957880026317,23158.951428013846,14,3.517481710852208,1
45,1689.2272247596711,18722.140854177163,3,11.08325782331669,1
57,4676.380392300078,30599.219181733315,1,6.543355461868894,1
28,5024.622314702718,11464.770694676723,1,2.281717903677908,1
62,4611.417898768938,12410.6444693213,19,2.6912860082870473,0
36,4207.363405609218,15852.495131159021,4,3.7677979301775126,1
28,3664.969949309755,13164.012674053485,2,3.591847370135392,1
21,6509.0815600298065,18989.687278798476,11,2.9174142471048583,1
64,6998.91571019076,9883.032488490226,12,1.412080513285801,0
25,4835.6782282867,3842.2052404600217,13,0.7945535370787751,0
23,2806.7249839567207,1000.0,16,0.3562871338360595,0
21,8587.898662773656,18844.100990122977,16,2.1942621507409417,0
24,3240.4051341842387,10792.711035124317,19,3.3306671814792526,1
60,2081.1554830337054,5643.672156390594,9,2.7117974617464906,1
55,1000.0,10047.527440006266,16,10.047527440006267,1
52,5198.9037938253205,30620.255220763618,7,5.889752231447512,1
62,4565.167228969527,6112.852857310436,13,1.3390205770600567,0
54,7061.9132982926785,20817.532242798414,4,2.9478600718351156,1
63,6222.1691268910945,18368.748571593198,13,2.952145497332558,0
45,5580.402449170076,25731.462544105103,8,4.61104065136591,1
30,4457.2656090745,14015.25702708689,2,3.144362094678265,1
41,7219.954544395334,2517.2448125544815,7,0.34865106103868126,1
59,8734.779803505066,22940.3624382461,11,2.6263240693303636,1
47,7017.958398259807,13001.421479097684,17,1.8525931248497503,1
47,4072.93673830158,25195.705038495613,14,6.1861272731189665,1
22,6563.13110776435,21527.751146493552,13,3.2801037786713843,1
61,4195.82054906557,22966.956739045054,15,5.473770021971008,1
33,2789.8653682800514,33947.853674603044,9,12.16827667047312,1
29,3201.9218757561093,17255.98435916766,3,5.38925839815901,1
56,4283.643191724509,26542.840558490272,13,6.196323869776991,1
42,5207.919357927088,11761.235727762332,13,2.258336759738858,0
62,9121.162305150918,19325.69117332536,9,2.1187750559390577,1
46,3236.6210487762646,10981.834243425088,18,3.3929935194536336,1
32,7646.976979382656,18833.918712461036,5,2.4629234223196925,1
37,4365.480896614862,17998.443978187497,11,4.122900638998119,1
34,1000.0,1000.0,2,1.0,1
34,3988.547994139324,10106.176850745702,17,2.5337984814512633,1
54,7353.393986335381,16842.525638978746,4,2.290442436550628,1
40,5689.3390386584715,1000.0,18,0.1757673419012478,1
31,5808.902397327914,14233.245034358519,8,2.450246890170816,1
36,7657.00801768876,23067.76231871693,19,3.012633951202241,1
51,2927.3274221285446,25401.971865805644,12,8.677530116304904,1
26,2896.4991398154993,8740.442290572548,11,3.017588429572016,1
39,1000.0,25915.24938838294,16,25.91524938838294,1
57,6754.16414248557,24664.93210535679,5,3.651811176783151,1
24,6124.968467259207,1000.0,3,0.16326614664964614,1
24,6447.933039182228,15926.33530387459,12,2.4699908028037587,0
40,2633.977551886439,16811.433689695743,15,6.382527321713693,1
30,1791.5020881602945,27150.361743141937,16,15.155082387329408,1
44,2360.7633831333346,17291.079687400616,13,7.324359489366082,1
55,3154.8554552825913,26149.84831686441,7,8.288762730184125,1
46,8107.917817825708,8753.746516823223,15,1.079654075621934,0
57,7000.253447565004,2215.605972809086,3,0.31650367938889,1
58,4083.5587187593596,9817.294499023152,12,2.404102689627977,1
41,5598.50398651997,27615.907493442523,8,4.932729807808634,1
60,3643.275507704522,22407.355040051574,12,6.150332301981061,1
59,5728.559521563314,33579.6914691212,18,5.861803712210947,1
41,2723.8085245160037,3453.364436718901,3,1.2678440520456675,1
30,6500.502891947863,23330.575837548495,12,3.5890416826747282,1
58,3300.593404831214,21038.929598187373,2,6.374286989543101,1
24,6611.830057086314,12717.46610269631,14,1.9234411642304994,1
40,4145.154183611316,21207.4207333018,14,5.11619587448629,1
37,3419.8480928034523,16119.718487387878,4,4.713577343189413,1
27,8225.993434499313,18682.460124332018,17,2.2711494086512305,1
24,5353.892369787531,20444.399448028656,15,3.818604864639816,1
49,4355.637257902885,22840.874362040468,16,5.243979929824941,1
34,6516.356616702528,15694.49332928323,5,2.408476738221413,1
23,2320.0178608502297,29218.688436902954,17,12.594165299311541,1
44,7213.727178520718,13274.19740083905,7,1.840130222884465,1
57,4721.110587183101,30070.06096550508,15,6.369276976298639,0
36,6201.575431336875,5977.248572460652,17,0.9638274400819689,1
24,1904.2530779538274,7119.52380256586,12,3.738748743531498,1
44,4235.148083734009,7587.917877153403,11,1.7916534976182825,1
54,5009.160278690968,22654.886253805464,19,4.522691427978386,1
50,7060.598427237057,8556.307845542357,11,1.2118389020023332,1
38,6360.822127874965,26921.002884828373,2,4.232314996964424,1
39,4215.045924765166,10788.210313017102,15,2.5594526146516774,1
51,5635.895514646763,18194.28558598703,5,3.228286532052108,1
39,7513.138203453964,20120.70020349388,18,2.6780686922867902,0
39,4600.02303315488,6874.045415205423,16,1.4943502164359657,1
42,4382.270079129385,3873.8125058423575,4,0.8839739303817529,1
44,1220.5907144941748,17263.065600273436,10,14.143205740695336,1
32,4441.85532931438,12782.066958140287,2,2.8776414382035393,1
50,1520.7459226309566,18987.592063073633,15,12.485709664257572,1
58,4771.330641933586,4234.735365562883,4,0.8875376039432792,0
51,6976.270286485494,12145.94265675373,16,1.741036708437599,1
56,1000.0,13545.29886726478,7,13.54529886726478,1
39,7468.417649241581,1000.0,12,0.13389717165878506,0
56,4339.553746687603,22963.658167657333,3,5.2917095876933375,1
50,4945.670265746789,8940.465239071264,17,1.8077358090352325,0
53,3995.1604397229166,26993.290733380723,9,6.75649730233433,1
38,1573.5262349026812,9457.354256686858,8,6.0102933442808295,1
48,3434.021651407519,10829.38611205639,6,3.153557901307261,0
31,9194.820136898968,5064.703051516175,15,0.5508213294125718,1
53,2807.909007493097,24172.901848708767,10,8.608862247388263,1
37,1822.9152765488993,18633.294796081587,6,10.221700940132393,1
26,5282.582054814206,26201.085689060055,15,4.9599013166642765,0
24,4828.446969655367,13341.208052493232,14,2.7630433007417845,1
40,4353.340418408705,14666.274025735367,19,3.3689701737353204,1
47,5028.895886704512,1543.8941458373665,13,0.3070045951675282,0
35,6288.405221392313,10007.644985043922,14,1.5914440359217394,1
26,3825.672800429372,16363.989238138314,3,4.277414742918347,1
34,5388.820416565233,18097.606699731245,4,3.358361441049177,1
31,7047.749324260008,29591.49978644213,14,4.198716274510678,1
59,3009.42266649041,1000.0,14,0.3322896484880273,0
29,1000.0,16835.63800643102,8,16.835638006431022,1
46,6341.616984191833,11990.10179122155,10,1.8907010343119222,1
36,10005.925151205945,15604.028745906257,9,1.559478859785955,1
25,4985.290692702369,15821.730010481819,14,3.1736825364350736,1
30,5403.864402131912,13470.523501998126,8,2.492757497150333,1
23,4408.383133812019,5935.136654932321,11,1.3463295895064564,1
33,8176.121683020518,4449.78247595068,10,0.5442412244416096,1
63,4844.486134110267,12880.705721628052,18,2.6588383917407388,1
50,4626.87167997013,3635.0600238803418,4,0.7856409849481301,0
26,6821.727628538407,14096.765766920931,4,2.0664509834646156,1
37,4031.4540756063566,12973.04446288861,12,3.2179566527586903,1
39,2430.6125978482914,1000.0,18,0.4114189159083819,1
62,6764.600759091389,30468.904609380254,8,4.504168936863141,1
55,3816.9055846557085,15618.061329167354,3,4.091812328801979,1
46,3049.079944647974,1000.0,18,0.32796778639907165,1
25,9200.096317146374,16977.063457670833,7,1.8453136654700446,1
49,4642.806393554576,13372.885445187765,1,2.8803452721510876,1
57,5988.452164594666,4457.874482234634,13,0.7444118045378709,0
40,5059.056482015553,17474.42352619407,3,3.454087454511315,1
41,3227.3610192593433,7462.769158483187,3,2.312344083586856,1
30,6378.867240043845,16544.261030659578,15,2.59360485303749,1
25,5629.157967573448,9387.922612886636,19,1.6677312427481,0
56,3681.240336720135,7755.367060160114,4,2.1067266330863617,1
26,5866.380675712677,14875.729215716648,13,2.535759276124622,0
46,3971.3798117399956,2023.2561746362553,13,0.5094592485602122,0
24,2791.0092797829398,14339.702195119069,15,5.137819604897295,1
59,2588.665491295754,20258.030224103917,19,7.825665499161802,1
59,5540.117241925957,25164.88632588433,16,4.54230212592686,0
55,4234.538140143111,23708.54571195314,7,5.598850435941966,1
21,8003.408038087922,25826.644126842613,3,3.226955817313646,0
44,4914.083773324086,11362.287790163075,2,2.3121884595950144,1
56,3429.5934130928363,6802.913987961516,18,1.9835919797345862,1
26,5315.635277287824,21522.85089282831,11,4.048970587728102,0
61,2411.4653568507874,10864.85327209411,1,4.505498385547152,0
64,4831.737518950595,15050.098242081775,16,3.1148418520363883,1
51,5638.333552956551,20974.936086683047,17,3.7200594625489125,1
40,5391.344615270611,31168.78216309748,16,5.7812631889295405,1
44,7605.599861039516,19230.404080944387,10,2.528453301817014,1
45,10195.034251688901,16640.823859605214,17,1.6322479600152897,1
56,6342.794742682569,6031.1129280770565,3,0.9508604917469404,1
41,7357.592655571039,24354.843388469544,18,3.3101646868189265,1
50,10086.92531931448,18269.14288630485,19,1.8111706300950827,1
44,2987.5483043670483,12222.864238684562,14,4.091269159001644,0
64,5261.254817550017,11396.653166884573,2,2.166147347372085,1
62,4044.006935826683,11745.099032479922,12,2.904322178191064,1
50,6685.315420522144,15351.721622225947,11,2.2963346763116417,0
42,5543.237838953241,3327.943948238899,17,0.6003610245356767,1
48,3363.1353601921323,24744.182437757147,6,7.357474436099872,1
27,5021.895632694089,23277.38717844364,19,4.63517939857226,1
55,7093.845479311771,13660.093187676333,13,1.9256259848786001,1
48,2392.550737949867,11762.80413703873,7,4.916428291555506,1
34,3405.310888722042,14814.578361721113,11,4.350433439362356,1
30,3105.4498299163824,16172.494604692316,7,5.20777841873162,1
36,5652.79311097382,12599.226431316658,13,2.2288497356921946,1
36,7481.032159229921,22992.68047986317,13,3.0734636598902125,0
51,1000.0,3607.1346319314725,1,3.6071346319314723,1
62,5188.797126957167,9304.510640522109,19,1.7931922202513424,1
45,3151.5585654496317,21201.93593491247,19,6.727444689541284,1
33,7010.805549659968,17594.212339830963,15,2.509584984950025,1
26,4526.063448857492,9563.669996732984,14,2.1130216367486248,1
64,5261.347878154796,18203.74773357624,3,3.459901940557572,1
29,4997.326009595879,8656.316439308579,4,1.7321896595672757,1
56,7248.43760637969,12519.073353766194,7,1.7271409417593069,0
63,9097.263061595564,23349.751564339625,1,2.5666787259248856,1
40,2730.669340237118,22464.66861652145,19,8.226799299900122,1
38,3094.8877640106957,17305.89406211139,3,5.591767902977041,1
63,5642.995805109414,6590.807701973867,15,1.167962537914039,0
41,3367.1953033961627,11978.758799241843,13,3.5574885683524307,1
24,6867.1675408005485,15771.725142474988,14,2.296685649326153,1
53,7188.234918168675,26643.371104522135,7,3.7065248155954795,1
47,3906.8473755070836,1000.0,1,0.2559608563849276,0
27,3472.92546671705,8022.847624801125,13,2.310112238713003,0
26,4450.441956694562,24028.82713697741,4,5.39920020770794,1
35,5208.036427926037,25881.336622351966,12,4.969499922000071,0
38,5629.674379790384,14442.290101777597,7,2.5653864020311854,0
52,1000.0,27307.20592978595,2,27.307205929785948,1
31,3065.088962299763,9133.030764628562,17,2.979695166099182,0
40,4191.801302258832,2926.0847674910437,1,0.6980494914952833,1
44,3406.021336506226,21321.842205433022,14,6.260043640039026,1
35,1000.0,25357.639276897553,1,25.357639276897554,1
27,1223.255069290613,25224.233535857024,3,20.620583694359834,1
41,2389.282948831266,8092.443150299373,11,3.3869756423189004,0
62,4769.431598293562,16595.03890255201,7,3.4794584135538265,1
46,4127.595613037381,21718.544375680347,9,5.261790740129769,1
64,3736.8618349428507,17407.82170585356,3,4.658406565390123,1
34,6593.029921585681,26570.85367316915,1,4.030143043363988,1
57,6592.267329847524,11759.633142389788,19,1.7838525887969083,1
41,5299.837306963747,14435.073517427925,2,2.7236823852047096,1
38,5240.240565437317,16889.52369204398,5,3.2230435761749208,1
25,3286.678898133177,21660.43311388961,17,6.590370944418289,1
23,3526.0153386869442,13444.322150385577,19,3.8128938359616207,1
43,1584.701233749564,22419.473151467268,5,14.147444751097037,1
46,4498.497136443338,27836.997664439572,14,6.1880661074397025,1
57,6571.482579422393,10855.430780786632,10,1.651899803368387,1
44,7708.65979354912,13682.724962320772,7,1.7749810380490474,0
39,4510.440284189073,22742.07673420923,8,5.042096846715708,1
45,5983.337664019381,30420.22699309661,8,5.0841568203692935,1
41,1000.0,20087.674283048964,7,20.087674283048965,1
32,4134.143359203152,8710.109839726283,13,2.106871746558189,0
61,4087.275239733473,16585.378157784937,14,4.057807997991946,1
53,7982.3366284507665,22681.546814123933,19,2.84146708788026,1
24,5785.866921842836,8499.451461017015,11,1.4690022387016612,1
62,5988.510845761214,6372.958373285535,2,1.0641975171167037,0
27,5884.656621997985,12240.13586754969,17,2.0800085126112022,0
42,5090.885464664442,20277.068387508738,6,3.983014060766199,1
53,8064.730661698259,4046.286033263583,9,0.5017261211810292,1
37,1000.0,9455.369698627415,19,9.455369698627415,1
44,5292.420817430836,17189.279081178716,5,3.2479048197688702,1
54,7259.605703279127,23724.150029190532,9,3.267966746248278,1
48,1217.2130936147032,17321.685944763485,7,14.230610922302889,1
63,6675.835707544605,17997.478271461525,4,2.695913899007718,0
61,3477.6735174693667,23039.373752398085,18,6.624938665652368,1
59,5219.631857684082,27778.062483810492,18,5.321843233621355,1
42,3439.281238109146,26884.09509492378,17,7.816777179206247,1
37,6918.303353098045,1000.0,4,0.14454410987228478,1
54,4423.276237552867,15784.463299743016,16,3.56850046256112,1
26,6691.593712714423,22300.126915344696,5,3.332558411753711,1
26,5870.659672528683,28598.293848169924,9,4.871393581541359,1
54,3412.415031882323,20127.892889481875,2,5.898430496122602,1
21,6003.718380791051,8126.509617116388,2,1.3535794155697287,0
30,3672.8618839745354,9183.897052504704,4,2.5004743828173797,1
41,5128.256187679947,9407.745912564673,17,1.8344921876496172,0
25,4386.811277020401,17460.15105000487,19,3.980146385933455,0
22,6799.823732777547,11161.423587004367,3,1.6414283701505925,0
42,6080.644541474836,1000.0,5,0.16445625018519072,1
22,4938.556902790515,5573.687888572496,10,1.1286065946558401,1
30,3628.576445688678,11446.007027846968,6,3.154407024122816,0
54,2462.0170203385637,4100.140080627651,3,1.6653581379643836,1
36,5271.312838581395,5291.764415273585,17,1.0038797880752783,1
59,3735.4182136964823,31407.765043925563,10,8.40809870465486,1
42,1244.0076848523495,14931.024846684826,12,12.002357403810556,1
32,2339.942918007499,11911.082324972062,1,5.090330295370859,1
44,8251.750611083433,20338.747421802967,18,2.464779703168046,0
60,3680.0472300211095,24168.555381203078,19,6.567457934789723,1
58,7164.325555020803,32924.92531564069,4,4.595676880228691,1
30,4286.7005456034385,28642.984144240865,15,6.6818252965250675,1
55,7479.1552703216275,18478.470637000035,9,2.47066279133491,1
52,7334.328034948756,2737.5367972543536,6,0.3732498443224432,1
27,3348.6091461986853,6980.140948744084,12,2.0844896026960584,1
41,1024.04866638479,11785.13242660149,18,11.5083714411803,1
40,1193.3590459393595,19052.505640555195,15,15.965442844201098,1
46,3382.6769920885863,15754.532170227449,19,4.657415475102763,1
24,8779.268851115083,3215.786091372407,9,0.3662931556041777,0
42,4178.875850154922,1785.9917786358583,13,0.4273856995702916,1
35,5290.487900146909,17072.064428669917,16,3.2269357289704512,1
60,7606.67373240678,15960.324402795368,13,2.098200207378352,1
41,5220.6427262233765,13320.98505910792,1,2.5515986742774768,0
35,5151.782077041549,18863.40843232074,18,3.6615307383407796,1
42,6245.3263878902935,24974.499687156753,3,3.9989102468018936,1
48,5577.939511019974,17480.551493326588,17,3.1338725453711707,1
34,4801.06578999303,7466.797161619227,5,1.555237417738045,1
47,3557.1013136051156,30321.757085359583,6,8.524288293219442,1
61,5156.977781730912,13589.532139013289,17,2.635173683926952,0
60,7188.799594166281,15399.981063420215,17,2.1422187197870026,1
48,8564.009173997441,9770.735693389626,1,1.1409067289484136,0
46,5584.5532831378205,6404.691610693739,7,1.146858358399457,0
22,6510.322270191946,7056.045171426163,16,1.0838242530224433,0
45,5539.461414325624,5297.6460234515325,5,0.9563467686138707,1
23,4825.341271192795,1000.0,16,0.20723922802517264,0
28,6028.514157225369,13749.922195812522,4,2.2808144490019644,1
64,7378.665668624968,23818.790843966104,11,3.2280620797397903,1
53,3227.2763279617093,7125.500532586417,14,2.207899110110214,1
62,2097.206595374182,35475.9031156218,13,16.915788455878,1
55,3933.9835007270676,26091.022458244857,8,6.632214510666552,1
26,5423.323886599407,14854.209324234229,15,2.7389493297528795,0
59,6739.743235242463,6111.345426309732,18,0.9067623517693068,1
43,3020.9843502890235,2223.216949763011,7,0.7359246828108565,1
45,1000.0,14090.530598487168,19,14.090530598487168,1
63,3981.1026866579678,15544.965174790394,9,3.904688323385094,1
39,4612.171548683527,13364.903086988463,11,2.897746310152593,0
25,2675.453033177124,23554.584962341134,10,8.80396129935791,1
31,3487.818142365376,26976.656769921763,14,7.734536512166508,1
32,6734.566820173995,18781.391132428187,16,2.788804630487421,1
30,5156.2401391921985,19211.727786036412,8,3.7259179687946444,1
28,5691.244237218635,12475.55790246163,1,2.1920615918881308,1
44,4288.635536778905,14960.655399467,12,3.488441783211917,1
48,3491.779178083348,18293.0676272588,3,5.238895902145776,1
61,4274.203541151712,12466.09469787095,2,2.916588921853703,1
56,5997.760388359384,20286.777366395596,16,3.382392101853339,1
57,2017.3595773175666,6550.594278097695,4,3.2471128854519127,0
41,8300.340519664023,9142.381717601389,2,1.101446584744628,0
28,6149.716991364806,6624.695229249715,12,1.077235788012986,0
29,3928.23979141857,9651.02308819627,17,2.4568314564908684,0
35,6626.814235773001,12701.726197679975,10,1.916716803243595,0
60,7444.698134146216,23232.729093498594,8,3.120708009225817,1
38,4339.323900795123,15331.457455655938,18,3.533144288410149,1
62,4566.830420469877,4725.538145719322,18,1.034752270313798,1
40,7986.94842694601,3784.3162620781914,18,0.4738125326201975,0
26,9237.950293836197,11672.019768659253,2,1.2634858813266328,1
32,5058.871315136215,21675.20823982319,12,4.284593714604018,1
22,2683.5713058220513,26223.81555835712,10,9.77198388634732,1
27,4058.7956901508833,2273.8800245104576,8,0.5602351530106033,1
36,7066.031488938403,17978.819715760474,19,2.54440130133946,0
23,2939.569407972411,11785.020308192601,10,4.009097480818254,1
23,4583.4336004819625,12406.23372061187,11,2.706755415701302,1
47,5585.169762863259,6486.064968723784,14,1.1613013111706523,0
63,3154.570627184665,13239.494020376716,15,4.196924268008057,1
60,7192.869123752154,6126.564320904306,10,0.8517552892312865,1
58,6387.935030408749,12873.19261212517,4,2.0152353696216982,0
53,9019.091819050584,24186.062740676327,7,2.6816516813355085,0
48,6562.921791715544,20049.900159914938,11,3.055026525719714,1
21,3078.220728867923,30310.01288551183,3,9.846601512770315,1
28,6060.738121818383,19210.85783761598,5,3.1697224746368367,1
57,6976.043347031713,16396.144555974464,2,2.350350154138732,1
52,7078.957628250693,19423.164860099077,12,2.743788828822077,1
63,3446.3157042185276,8793.614644677546,5,2.5515986924568623,1
57,3207.3245952890497,1000.0,7,0.31178634101107505,1
24,2720.725761781977,21369.369211712576,4,7.854290025069051,1
50,8209.463988277734,1000.0,11,0.1218106323906039,1
26,6245.757647684077,23972.808442380658,9,3.838254667353249,1
39,3357.5627515825786,21006.509946734528,4,6.256475753679708,1
52,5254.377877514241,8203.83083431648,9,1.5613324784698541,0
29,4752.625373197952,11511.282695021904,12,2.4220892225040194,1
32,3054.837062068634,14907.69115100693,16,4.880028246387694,1
31,5072.367887913206,7622.629460637298,1,1.5027753564170758,0
36,5381.390575440878,19324.161514791766,8,3.590923432129549,1
21,8862.506189303798,20029.35825265754,1,2.2600106363627788,1
41,3688.6249484674536,3456.3084788261003,19,0.9370181374124589,1
50,1581.2013516093234,8415.127943075891,4,5.321983778037565,1
33,2902.0925292880456,14705.545232215776,14,5.067221352802078,1
54,3214.7051531355555,24124.64264776312,14,7.504465105993455,1
24,4146.14564793421,20218.27996518423,9,4.876403696830539,1
48,2906.9925417457152,1000.0,9,0.34399813059013806,0
58,6644.244011637879,12664.046578273383,17,1.9060176832896834,1
51,2767.9344739810404,18781.388936027546,15,6.785344491560458,1
47,5040.0359365984605,8600.32146037636,10,1.7064008210585797,1
25,9000.38436704435,7980.701156812051,17,0.8867067039974478,1
45,6107.136543527247,9024.36253609358,9,1.4776749253556816,0
23,5901.514023424718,12536.182999271059,4,2.124231671654347,1
53,8714.63240149032,7167.252634588635,14,0.8224388940792199,0
24,7491.2991284739455,20279.44295781909,3,2.707066239117089,0
45,6130.2487347052065,8114.3882471040815,12,1.323663785641528,0
40,4378.546300111062,6710.730064144665,1,1.5326388267207423,1
54,4954.622250420413,11810.464799768584,1,2.3837265896035635,0
46,4857.392264667587,26831.332432380663,13,5.523814213554533,1
25,4197.148904855783,19202.238947926264,14,4.57506735720306,1
55,5424.073023765849,19710.910675605897,16,3.6339685305196943,1
48,5701.495394095312,17290.01017040621,7,3.032539531350391,0
49,2510.7430656835486,7424.152443736167,10,2.956954275890809,1
29,8264.084999924597,9879.473731195812,15,1.1954709724411057,0
58,5819.595026146563,8520.032551572915,8,1.4640249902774494,0
26,4474.434076098765,23732.48001508236,11,5.304018253806654,1
39,5442.3519574589145,17362.693850262214,14,3.19029235631593,1
64,6860.737782317201,1661.5543784370293,13,0.2421830466570962,1
31,2066.627174828215,26621.224627077543,13,12.881483874463417,1
22,4789.878547039509,12344.388551109923,9,2.577181953546536,0
64,2628.2884502753345,20227.024116161774,17,7.695892022065854,1
64,10314.00764195124,23418.703520371346,18,2.270572636102964,1
29,5276.37209553723,1000.0,19,0.18952416203660138,1
41,2644.508704800987,18636.78165823956,13,7.0473512242199545,1
44,12198.933561394784,12979.391479658401,12,1.0639775529832776,1
54,3927.962842439222,1000.0,8,0.25458489301263626,1
42,4581.840163847585,5939.783259794376,11,1.2963750474452305,1
23,4726.403520029275,11363.131666920548,7,2.4041814497569955,1
32,3304.0938868619287,21765.211014136905,1,6.587346413091327,1
48,5494.704034992285,13590.096399903781,10,2.473308173353301,1
50,1000.0,16184.970514712826,15,16.184970514712827,1
46,7171.796765754583,12150.973097281429,4,1.6942718113963398,1
41,2744.3902585255587,23703.23419444658,1,8.636976509011985,1
48,4169.356955379377,19168.249252913592,11,4.59741141333135,1
46,6503.039347372325,16302.843854272007,5,2.5069575906625072,0
53,4591.077963387769,5854.935990429936,19,1.275285681733351,0
41,4672.904505804747,15958.715321048354,19,3.415159736567314,1
55,2975.845114540458,37254.97444303396,4,12.519124150984931,1
54,9191.296434940901,21362.138291994514,2,2.324170310815557,1
61,6062.96476441318,9085.257730940117,7,1.4984843362881488,1
38,2834.4301034616665,29819.679121707173,13,10.520520186858247,1
31,5356.364892115703,8732.851028341709,12,1.630368954362318,1
43,2693.06401069738,20714.432325688136,2,7.691771247696429,1
42,8444.828587978898,14630.40135398988,9,1.7324687175789528,1
37,5399.275921417092,16457.0326904978,16,3.0480073495074302,0
25,3048.9069441858665,16750.63774527818,8,5.493981302781616,1
64,6395.1814712478335,13019.452588707234,18,2.035822227600817,0
31,4443.848655903374,11885.282338626732,4,2.6745470557008915,1
50,2423.542688955038,4465.327323494692,11,1.8424793356621305,1
35,5762.09266780042,5999.847758315711,17,1.0412619345474792,1
47,5705.683668275788,17671.709594225737,8,3.0972115913965466,0
55,7275.467265134796,9538.28547077267,19,1.3110203266918208,1
53,5129.007113835595,7719.9208923607675,8,1.5051491879463634,1
40,5214.120573917102,37618.59120470415,6,7.214752837302193,1
36,5320.266073090368,34914.76340219657,2,6.562597231516981,1
54,8190.565989014059,19646.592757170252,15,2.398685607749461,1
22,4379.852953451858,20772.093904710575,1,4.74264641426823,0
55,5938.909937611463,8500.666871494628,6,1.4313513693244293,0
60,6233.490904031224,5518.072491163333,19,0.8852298938295993,1
48,5699.5530384615195,12277.313391249538,4,2.154083541007551,1
59,4304.190787880859,15002.372434196397,13,3.4855268210781896,0
26,5241.2080146150065,20704.62047629029,15,3.9503527466484556,0
29,4812.6844771342985,1000.0,9,0.2077842428173159,1
40,8918.420720223607,32177.97734316397,3,3.608035363278667,1
21,4084.472429137388,16984.197733484274,2,4.158235372657716,1
28,3174.8429474955437,2594.426395611661,16,0.8171825940739081,1
43,4987.596617133849,16259.798362790878,18,3.2600467942683515,1
23,4846.6036051426545,7780.393095250197,18,1.6053289538666924,1
24,5393.6870403372595,7219.679226053971,6,1.3385424797658514,0
45,4085.1067955973367,6500.784902604239,18,1.5913378102159688,1
58,5220.7469598657535,12948.112305446679,11,2.4801263889984866,1
35,5259.214077942423,31821.72552603342,7,6.050661763227392,1
41,6811.97937872001,15741.322709152857,14,2.31082947172848,1
55,5186.012767418304,20551.11844743937,18,3.962797503421903,0
34,5204.950061263177,22508.114254651802,7,4.324366994827489,0
56,6032.692759417034,13841.949371526503,10,2.2944893637951673,1
32,6735.310126363034,5711.839852469297,8,0.8480440759679768,0
37,3032.6484247468425,2210.066532670713,14,0.7287579116115985,1
59,2495.358880266357,11900.382530665365,18,4.7690064241962284,1
29,8390.959258767623,24151.49050705558,5,2.878275267731749,0
55,6408.150875856316,22483.13720039702,14,3.5085218241514355,1
33,4561.226727341194,17051.04502420887,10,3.738258596530713,1
35,5039.403873266262,18111.028932469668,15,3.593883202842225,1
38,4214.876613340346,13905.405116434153,6,3.2991250734179696,1
53,5422.561448883104,11148.144049696026,9,2.0558815524335334,1
26,3056.3256211906237,9094.531369168977,10,2.975642158712823,0
47,6680.333970179852,3228.3980455852343,17,0.48326895930598474,1
43,5350.906797257004,29377.006533000953,1,5.490098715242111,0
47,5423.254192066703,16368.967738458612,14,3.018292552542277,0
54,3212.1152346429562,11460.277954743211,4,3.567829021556595,1
58,6048.534193545271,29569.33228633985,2,4.888677378710191,1
34,3258.056713707918,31095.85944609804,3,9.544296548082054,1
56,3615.6982801824283,36961.26682406699,7,10.222442239345847,1
28,5175.243846883503,13013.380413296727,14,2.514544396035232,1
55,10014.663799231304,15841.84618223541,12,1.581865003141831,0
39,5342.9322667096185,20207.647379958486,19,3.782126811875743,1
50,1000.0,28297.481065982174,18,28.297481065982176,1
34,3714.997233278499,15496.185423653811,15,4.171250865233719,1
40,6367.458224441148,7133.161143722364,1,1.1202525234232565,1
45,2743.078110031752,8972.96335386087,3,3.2711293641423156,1
60,6662.20488229132,24419.45159511106,15,3.6653708534272096,0
44,5317.641149530059,19968.28154523725,4,3.7551013661389927,0
34,6982.654385181551,13616.719100076156,15,1.9500777711371886,1
46,3882.2917814980055,13090.559107308878,10,3.371863796970409,1
58,3726.432170134568,13617.075691490787,6,3.6541858458137586,1
43,6129.9703165690225,24912.312239108804,13,4.064018413233094,1
42,4984.943250055681,8688.376431102195,7,1.7429238399063314,1
39,4863.954376427451,5292.711193445235,1,1.0881498434886026,1
23,8137.939737898127,29534.470188632993,11,3.6292318621004163,1
62,6208.28185412357,15200.435776317283,14,2.4484126419326597,1
39,1020.1540666085448,14365.36992686361,6,14.081569046350637,1
29,6598.136245032775,20367.936957741913,5,3.0869227614199923,1
48,6397.937600830243,7088.7171317233415,19,1.1079690947288166,1
40,7369.822574446865,21003.968006211817,19,2.849996427191906,1
27,3120.603160852982,11938.182085353817,13,3.8256008438095184,1
34,5649.6116504202455,24005.38029347206,7,4.249031929776345,1
29,5223.260042486363,2730.1271866385487,8,0.5226864380542999,0
39,3084.736305040494,18605.329503729048,14,6.031416517946034,1
34,6893.533135813162,13150.139430475137,19,1.9076051672483831,1
58,4516.908001381235,9362.853615013344,19,2.0728457635511406,0
56,7305.464782504669,21170.756633701913,12,2.897934253875569,1
60,3514.282429865048,13813.424617171586,9,3.9306529548628326,1
37,2078.8290584012093,18728.102385254915,14,9.008966999748584,1
50,4514.8676359377105,25125.695366290427,6,5.5651012149931995,1
29,5463.826365124894,21331.965153764926,15,3.9042172514714073,1
53,3931.608145562176,6357.030919622883,13,1.6169034868844738,1
45,1000.0,10666.029959916086,7,10.666029959916086,1
34,5767.29828983754,18674.330774015107,11,3.237968600812764,1
31,5757.961381044051,21351.015212588994,10,3.7080858657509026,0
55,6374.334557081933,11872.349792528781,1,1.8625237954193214,1
61,4239.015128898445,16582.82783622284,7,3.9119529730322222,1
34,4129.896535236186,16532.696851151763,18,4.003174585633117,1
50,7880.643545602983,17647.193480440666,3,2.2393086780694382,0
61,1849.1906283565677,5568.421033871626,9,3.0112747428427387,0
24,4505.76441266472,3679.74295576417,5,0.8166745126356841,0
24,5284.603692263611,1000.0,13,0.1892289485139536,1
48,6212.043660028482,15844.488763119281,16,2.55060808169636,1
28,5339.534364808637,4086.478182819521,16,0.765324821159003,1
22,3156.0147230768816,32093.805085720753,12,10.169092321100345,1
61,7335.227896041708,20232.928435730108,18,2.7583230845013493,1
42,5003.814824553815,5545.064487109961,11,1.1081674045770487,0
61,1663.9945870172714,24081.045950212887,17,14.471829498783663,1
36,5418.353301546788,24099.986422698094,7,4.447843298778288,1
49,5950.553742442928,24749.793239402792,15,4.159242032026765,1
50,8921.487906796228,8535.426435961563,6,0.9567267842687349,1
32,5817.502697740584,20728.434679137394,6,3.563115610962751,1
55,2035.9488559697556,24885.33828807465,18,12.222968280910651,1
31,2106.197418383287,27566.857198057598,19,13.08844885928018,1
41,7517.418916396535,2810.0573202690866,19,0.373806136324259,1
41,3394.3939733017214,13258.927144723526,2,3.9061249958049475,0
25,1900.8378717096807,8247.926523902897,3,4.339100481244317,1
40,7001.021735516865,29912.994120736916,14,4.272661227287066,1
57,4048.5283755706587,18928.45867083572,4,4.675392368509129,1
23,6894.027928319216,22129.98243505797,17,3.2100221619574034,1
64,3170.560989341177,18810.84284561292,6,5.932969877839094,1
53,7947.62466733176,18002.284675254858,19,2.2651151040451345,1
29,6744.127413866552,8093.695032319302,9,1.200110041764323,1
29,3554.629266797306,11427.924617224926,4,3.214941350978466,0
24,1679.2190662107182,15572.122916010441,7,9.273431459511764,1
55,9610.327717508284,9811.314314893803,4,1.020913604956401,0
37,4579.584596013708,8334.625681906036,11,1.8199523356683702,1
54,3474.5367058485654,13354.581816431095,2,3.8435575580340817,1
44,7772.616537658998,10158.847930575223,10,1.3070049038640628,1
52,6891.519706824881,15398.536721419476,6,2.2344181510748404,0
21,7365.59308662516,11457.036684263589,8,1.5554805362609416,1
28,4802.983444964538,9521.130724079947,15,1.9823367773757223,1
43,8762.109380647249,7579.006717489421,13,0.8649751319276006,0
60,2378.7636388972765,15048.767360365127,2,6.3262978777249534,1
32,3895.9009568849574,22106.386190859295,1,5.674268015410454,1
32,5779.757511429767,20206.972431564845,15,3.496162666271815,1
35,7336.222688474227,2784.7185192887828,7,0.3795847860049002,1
61,6322.318041049659,21878.006088087262,18,3.4604406083397508,1
39,4834.2685283064175,20150.472255627144,10,4.168256715082898,1
46,4049.704265521041,22098.18725117967,15,5.4567409870697015,1
49,7347.021716718709,23668.898642426604,5,3.2215637240551795,1
42,6528.792026554061,9178.769409735993,11,1.4058909170952114,0
60,3250.9524146178715,12601.57786432145,8,3.876272629417335,0
41,3191.461203873946,29323.70811285752,8,9.188176274009855,1
58,3909.0236911209695,28848.32305182779,6,7.379930471476655,1
40,3652.47626876125,14387.291517461192,15,3.939051333615014,1
49,7059.6818250929355,19824.891397347947,15,2.8081848287953073,1
24,5871.464644436035,20524.79897141468,5,3.4956863771400815,1
27,6115.574480806196,29061.157057228265,13,4.751991353949993,1
48,5383.339273593552,17762.243119504616,14,3.2994842451472963,1
48,5477.541430674709,5301.704809503755,11,0.967898623242491,0
24,1836.3651693193774,11191.952572019753,12,6.094622550572494,1
42,6588.367315369537,40068.293276346594,1,6.081672644886405,0
32,3873.0370388171145,4931.029941056451,3,1.2731688056777437,1
23,4933.689333900014,15402.232973020642,8,3.121848971557637,1
42,4053.6541557293317,33508.26752201962,12,8.266188045336794,1
64,5291.743130303352,8602.05406572438,15,1.6255615312210483,1
22,6146.187854487991,1000.0,3,0.16270247894714002,0
44,2982.289934953342,1000.0,8,0.33531280385575424,1
54,5505.498448488004,8646.288289889319,19,1.5704823769887504,0
47,4101.994842492287,1000.0,6,0.2437838267471884,0
61,7642.917551752007,23297.338698100015,18,3.048225830037837,1
21,2770.7491940407444,17145.152854478947,11,6.187912240975941,1
28,2994.9674608718924,1000.0,12,0.33389344394041626,1
43,4280.859563926379,2237.1928619308346,2,0.5226036567008739,1
58,3148.712569972323,24921.123944694715,5,7.914702720837352,1
26,4551.237974026176,16545.27244559065,4,3.635334504592858,1
42,3944.2289877685735,26469.050755124455,9,6.710830136183138,1
45,5176.824755403625,23952.086146823065,13,4.62679099226251,1
38,7016.1440556483085,5795.83436821392,13,0.8260711755979433,1
37,5142.559211368549,22055.744525348444,15,4.288865449830945,1
32,5324.7091216329545,19502.808528773683,2,3.6626993293471517,1
26,2885.3547943758003,1000.0,13,0.34657782881648486,0
46,4731.880892369741,4104.17336617171,7,0.8673450282296364,0
47,4156.491056781205,34501.36390742418,17,8.300598614578064,1
28,6363.28192728097,7578.87809653009,8,1.1910328951539233,0
39,3470.866033594605,18292.16893066481,18,5.27020310021027,1
62,3278.688814977533,13474.794014496892,15,4.109811810423133,0
21,5634.858394294697,16469.791615021368,15,2.922840373716766,1
49,8960.206108745879,14004.01545514998,5,1.5629122014817203,0
55,4648.102752050673,22721.498343545456,2,4.8883382221963725,1
60,5336.416812460998,22511.9267548234,16,4.21854730354947,0
34,6896.043696709571,15943.396540594229,5,2.3119628067614446,1
55,6019.807797230545,7764.215651175823,6,1.2897779983520081,0
40,6032.958960764394,10449.689272409501,12,1.7321001751163072,0
33,4809.61509616399,2392.6424255655184,5,0.49747066609837887,1
58,4848.529634443478,12324.565585923781,8,2.541918172134347,0
28,3489.702924546942,1000.0,11,0.28655734359675533,1
63,5972.746508602765,16750.77759769925,14,2.8045351621021406,1
40,5927.108859997285,17367.98582926269,17,2.9302626692890947,1
53,6434.329055387606,23042.015693215442,10,3.581106203128025,0
46,4023.791058893309,5239.313654017347,2,1.3020839246703708,1
59,6660.268798757212,5782.437591323662,3,0.8681988319154099,1
41,7266.669576295873,27197.610948183392,13,3.7427889988149365,1
62,2572.083763447479,4050.1562963853376,17,1.574659563558199,0
63,4406.2548412851875,31409.729752152056,3,7.12844147321054,1
61,7350.047163921677,7608.823067834598,10,1.0352073800537152,1
29,3700.888600294229,7664.733631358073,8,2.0710522415478025,1
44,6057.525054366681,21742.478765709937,4,3.589333691659511,1
57,5017.152004004863,19395.13222958184,13,3.8657653214612555,1
61,5661.758642847017,28132.294516756025,7,4.968826170698384,1
37,5078.112605384423,1000.0,7,0.19692355757130717,1
44,6492.3419691285435,19269.083422440668,16,2.9679711133619056,0
41,2956.9657282722437,14632.211565572154,5,4.948387269311288,1
59,3173.3535117554266,6386.1755645283265,17,2.0124374863598606,1
61,7929.027100533714,30051.783144008623,10,3.7900971661435987,1
59,9200.726559970637,16882.798391064724,4,1.834941869103716,1
33,4989.161122747275,14497.207141019398,14,2.9057404209540802,1
31,8430.532084303419,18632.049804750804,5,2.210068073810112,1
39,3456.450705972955,1173.1658630978818,2,0.33941345122341265,0
31,3936.8282330280854,5011.151796631788,14,1.2728906368305957,1
33,7914.975023490742,12339.030745032378,18,1.558947527744755,1
21,6608.213057246717,17531.213446354282,11,2.652943132202609,0
60,8212.854195864516,25197.074960359278,16,3.0680046618929335,1
64,5937.11153811801,7920.63016640757,18,1.3340881530614315,0
39,2974.9078469714495,6093.669442682443,16,2.048355699113837,0
32,5447.154715005353,19011.41093402805,4,3.490154388612655,1
28,7404.0050769360205,13912.815917075784,1,1.8790932437924919,1
28,4734.529594707656,1000.0,14,0.21121422519310437,0
32,4427.132962988562,7652.996212937311,12,1.7286574125777128,1
53,5967.706805928245,13545.85610601537,10,2.2698595200017344,1
46,3880.9874689096105,13766.371922308694,19,3.5471312475472767,1
59,5591.000966227001,15718.866182665854,4,2.811458319828101,1
48,5127.002929342913,4597.443519626588,3,0.89671170135567,1
25,4019.171078503159,13951.882035847964,4,3.471333208598823,1
28,6961.474463734828,22576.62701582307,15,3.243081208360954,1
45,6291.975877901548,1000.0,11,0.158932586425222,0
47,4292.658831426747,12740.88006688612,16,2.9680625848039837,0
43,4970.077470119853,1704.234098281804,4,0.34289890017362373,1
50,4457.448800304326,14742.146489909299,6,3.307305849234387,0
43,3722.7047215140947,2961.7208631566573,8,0.795583073253274,1
40,1603.4606551859283,16072.596279224457,13,10.023692335226503,1
38,4032.3445112878553,28013.09106986768,4,6.947097647894382,1
38,3751.9450033687544,7164.327022364831,5,1.909496811902148,1
22,5229.781415670718,8324.47252404474,10,1.591743872717313,1
24,5881.397603056492,11241.189204537593,5,1.9113125762311465,1
50,3395.63066039423,17549.4572258357,12,5.168246779759676,1
53,5746.99472345401,6847.629830991281,1,1.1915148978727053,1
56,3087.50843426665,11958.310756357972,10,3.8731265066805656,1
38,4749.414968723089,9644.078037118721,5,2.030582313954258,1
57,3795.1617986783335,11267.780042109109,19,2.9689854187595155,1
39,6492.347276158087,17643.290578902222,19,2.7175518850776603,0
48,5233.546199989196,19408.51063654576,12,3.7084817626308197,1
60,4779.664148336442,3185.5948254722316,16,0.6664892608785024,1
40,3749.5004797702295,17612.064781303798,5,4.6971762975699285,1
53,4342.317383246922,40166.09269379616,17,9.249920986605174,1
32,8658.121624652103,27353.80074142954,14,3.1593227639059247,1
35,3997.831758554908,9865.139047441231,12,2.467622362129409,0
61,5958.8138351929665,16055.228229844273,13,2.6943664752574623,1
59,4774.707366224622,14731.373874210525,14,3.0852935571334656,1
22,5901.6506291480755,18675.637751749517,5,3.1644770125007233,1
49,6673.951745386477,11622.283320675262,5,1.7414395195034835,1
61,4292.043013357847,12846.801314084321,18,2.9931669543157087,1
30,6419.546852890246,9153.40839215587,14,1.425865189851332,0
22,10513.27895401168,23763.50862813121,18,2.2603327403448645,1
31,6135.07998838341,17487.769711301717,1,2.850455046130496,1
33,8227.162929199592,17548.44838772464,7,2.1329890435793155,1
30,5962.092000213228,24747.03316627873,17,4.150729838686433,1
34,3136.0767556049877,24865.385558920236,3,7.928819189287794,1
38,5551.387994505967,23355.984261615144,10,4.207233269360712,1
29,4339.232407580138,24625.31265689656,7,5.675038887956077,1
59,3808.1186053648526,27501.344717982072,12,7.22176685338486,1
48,4854.829579195429,7267.046875503457,15,1.4968696134350807,0
23,4690.499842542496,12610.575495640602,16,2.6885355333057666,1
40,2880.150188414278,20671.586662320417,8,7.177259972578567,0
26,10416.923169439586,7915.76338683653,6,0.7598945732900501,0
47,6615.741828944394,12093.964763918168,4,1.8280587538960658,1
22,5488.78049168423,16555.337769155813,11,3.016214219941562,1
49,5179.7602225019455,13158.915722323574,17,2.540448815595466,1
58,7404.697239243793,15528.149994745576,2,2.0970675090466484,1
23,9151.140724618986,5836.866224920745,6,0.6378293592642534,1
36,6370.170744025148,14697.96233852909,4,2.3073105775563283,1
50,5242.385409568641,16072.192529446762,3,3.065816660505552,1
60,7945.288143955234,27920.03494043758,7,3.51403680201065,1
22,5284.718485871722,12850.964472939984,7,2.431721672080741,0
37,5870.629619250203,9797.889833955935,16,1.6689674650616642,1
61,7002.021840063675,20703.55247561163,2,2.956796329476081,1
32,4227.04172425148,1000.0,8,0.23657206747280898,0
55,1000.0,12461.212356443037,15,12.461212356443037,1
63,4129.839549339962,10890.292306299529,16,2.6369770970981268,1
21,6546.001858758772,17087.373254453636,1,2.610352643207724,1
35,6405.101795436357,24969.810034725007,10,3.8984251667188223,1
46,7685.340218825204,27410.249591210802,7,3.56656293810774,1
57,4206.337932260975,16975.581490018765,16,4.035715095504491,1
41,8161.850485893527,2586.530308447378,10,0.3169048873068416,0
51,5370.135660903922,10886.507149270423,12,2.027231309727837,1
45,6208.826325127361,11763.59900045979,17,1.8946574415927933,1
43,6807.225516588611,17937.72340641707,13,2.6351005064698403,1
44,2236.6687462126056,15449.972321283447,12,6.907581798800195,1
58,2990.2056147461503,9493.614977309375,15,3.174903735880826,1
48,2923.8189658655083,4986.812464668246,14,1.705581817098601,1
41,7144.434369697639,8051.384802855264,19,1.1269450296869348,1
63,4389.0867765215435,7757.224931475733,19,1.7673892831126752,0
38,9055.163946649436,27972.615948288498,14,3.0891341242517028,1
56,5006.751949784518,8842.73114954698,18,1.7661612235308675,0
55,2057.2523038369973,15481.08844573006,5,7.52512874422654,1
29,3655.164978589632,22747.531266780752,6,6.2233938550040575,1
58,5234.752726438655,16559.186291461214,18,3.163317764338198,1
50,6030.379728386958,6311.978872438132,14,1.0466967515703192,0
64,3030.3245438352524,22880.680222394294,4,7.550570868371725,1
54,6136.961543612542,17833.496957626976,1,2.905916361198058,1
52,6671.085514091914,1000.0,13,0.14990064179024734,0
23,3718.1048008893395,24965.77148795424,11,6.714649754354056,1
23,8938.314424118294,21987.03762482682,3,2.4598639722830846,1
48,3934.6819532988866,17708.003891441986,17,4.500491806356896,1
64,3000.2438515689137,28078.107885564354,18,9.358608591392164,1
35,1941.5549705469184,21803.74162810047,10,11.230040848113898,1
61,7441.281397384326,24023.534470183018,16,3.228413654485301,1
43,5045.765754691806,23291.212725748253,13,4.61599167660348,0
60,4041.428021071221,21056.351925952127,12,5.210126672099168,1
31,2051.7231291363455,1000.0,4,0.48739519762636835,1
52,4221.498152866073,1628.2619365310438,8,0.38570712992627487,1
56,9762.890775352222,21806.72386274294,12,2.2336339066495605,1
53,1000.0,24853.20591260104,19,24.853205912601037,1
44,3736.6831979349,9358.61281945265,15,2.5045240186871456,1
59,8585.56794008442,6089.897249871901,16,0.7093179265915891,1
54,7497.946094139046,17101.20109434812,12,2.2807847482013366,1
48,3858.7486634374372,3383.5619446190194,18,0.8768547111344863,0
57,5407.190193870611,13648.81724700941,12,2.5241977362810726,1
27,5925.874809388819,12159.148211877859,16,2.0518739600460654,0
24,5267.677163614535,13204.346375987423,11,2.5066734285073315,1
57,8568.900419218353,30075.448143242404,14,3.5098375137828777,0
21,5679.508410915906,9928.068332314135,2,1.7480506434733996,0
21,7271.032581926075,15427.26955156087,13,2.121743972088519,1
40,5363.197538191231,4502.750385846084,14,0.8395645235481412,1
39,1000.0,22522.992295326294,6,22.522992295326294,1
49,2615.1744932870333,13563.315807144681,12,5.18639036972896,1
30,3030.24430138795,24426.465962222122,7,8.060889991950157,1
38,4501.428285447988,1000.0,4,0.22215171198722733,1
48,9156.828478028783,14534.952149586225,7,1.5873347616439362,1
55,5724.822925750903,16057.0202852526,13,2.8048064531439567,1
63,4788.42379587047,22292.186223243934,11,4.655433013775574,1
51,7477.1159923112955,9864.009718149628,8,1.3192265210667817,0
47,2096.2326489965035,21294.598515129277,19,10.15850913557868,1
31,4020.6096597035225,10780.515883771232,2,2.681313730059083,0
58,3725.3426921199184,15750.057431233501,18,4.227814387264029,1
25,5796.083118936276,22375.612458039806,10,3.860471287055366,0
28,6791.672584707934,7561.8438453875215,6,1.1133993506126454,1
54,5942.971104054459,20924.677365847136,4,3.5209118468659124,1
32,5974.632966437824,17679.22057588819,19,2.959047137322117,1
58,4277.781761564108,12330.606952208507,14,2.882476862891669,1
21,5641.519716232279,9654.347237045513,14,1.7113025784997562,1
51,3320.32425843922,1000.0,18,0.3011754040161332,1
24,6348.2778700156,14357.872349128405,17,2.261695635117674,0
25,3998.7939906733586,12343.98662132588,18,3.086927371131532,1
50,2756.980879399252,20113.054069484657,18,7.295318665346459,1
44,5075.63887166417,19303.98372839201,5,3.803261858553529,1
23,1173.7676713106239,23560.938434891228,9,20.07291477757535,1
31,7948.740143992014,23853.83427215523,1,3.0009578675414295,1
24,6594.197993823398,40244.303019085055,4,6.102986755444828,1
46,5673.939700495605,19109.27975096627,7,3.367903213581406,0
47,1752.6305092104994,8116.235284731643,11,4.630887823804763,1
63,3599.619633853171,21609.54391352224,14,6.0032853777915856,1
47,5081.116869743704,27847.23245230624,10,5.480533742124077,1
62,4473.790457949585,18799.178595059133,19,4.202069536282019,1
26,1622.8700691050549,1000.0,8,0.6161922750546864,1
35,2367.1419889277176,19442.881632023542,3,8.213652464857377,1
50,4433.811206172843,9961.025221827862,8,2.246605630830631,1
62,2433.421202832335,4424.592959364223,18,1.818260214965786,1
57,7742.774647766523,16493.494186432767,5,2.1301787714034104,1
57,5989.076718811665,2793.4801390736848,11,0.46642917935904465,0
62,3393.0717815219377,23185.176834365244,9,6.8330935291813075,1
57,7338.309656031426,20847.033339459806,19,2.8408495030358156,0
55,6935.413177347379,14306.648478007091,12,2.062840109474058,1
43,5577.916712773839,10599.37414233925,5,1.9002388684050988,0
26,4920.827533072092,13527.205698210015,16,2.7489696818870075,1
24,4403.052383540321,6912.678019182818,13,1.569974058229261,1
38,3920.1225844366863,14383.645663353847,6,3.6691826221094432,1
29,2326.4161615842927,1000.0,16,0.4298457071064184,1
49,8056.657510195999,15709.67970741496,18,1.9499004006976564,0
33,3958.973562457567,15913.759532711378,17,4.019668048208126,1
37,5056.401219424666,21761.19734472593,12,4.3036927649507195,1
52,3179.5042873987622,17398.492607947366,1,5.472077102365394,1
42,4481.09896678134,22818.67809497199,7,5.092205787939129,1
24,10701.554847739484,19376.248872419135,14,1.810601276926785,1
25,3548.0041925095456,23292.194163248987,18,6.564872220958155,1
57,7897.191549083103,35971.40051194042,1,4.554961126163496,1
61,4944.388965692202,18360.137135586956,10,3.7133278273580532,1
33,6359.876926989291,16472.193158138904,15,2.590017597390315,0
54,7489.160510792503,24496.391370145244,11,3.270912852627996,1
42,5544.5347688119955,11254.1479778371,4,2.029773181537552,0
43,4296.58568723942,14046.497872276661,15,3.269223261156841,1
23,4627.818043435122,18367.956946228558,16,3.9690317929169168,1
62,4695.143036707324,15579.320301828035,15,3.3181779937323737,1
54,8728.741113830825,15543.307526407103,17,1.7807043792120827,1
52,2031.7484456792185,22198.233626610505,11,10.925680132212223,1
41,1458.546084414414,1431.561283843519,18,0.9814988358206529,1
64,1591.8941656044653,31267.672627777905,16,19.64180364710685,1
41,3212.137132855154,18887.200143876493,15,5.879948259583903,1
64,6400.166154396725,11797.909361485943,11,1.8433754807101577,0
31,6522.838584808394,28024.423266790316,13,4.296353941987593,0
59,3784.994717186585,15828.272405629868,18,4.18184795179718,1
24,4943.016944680321,16039.18830077006,8,3.2448175841338047,1
21,2767.4027298243304,13282.373738506956,9,4.799581063992842,1
48,2952.8954251872638,26741.549310940427,11,9.056043462576925,1
44,6159.733678023091,14925.192166656867,17,2.4230255635738733,1
55,7095.368122216794,10532.672273113616,1,1.4844433849928156,1
33,4046.3623511397145,22990.18375087881,11,5.681691790257811,1
54,8270.030241661607,24463.643006042923,7,2.9581080469093557,1
31,6931.21069757222,27852.866509377123,8,4.018470614251142,1
56,8183.4517045111015,20068.79233639707,19,2.452362775640774,1
37,4398.123861810163,24170.131961945197,4,5.495555086981417,1
55,8041.372491265291,12925.97445921366,4,1.6074338644620838,0
38,9359.085279951552,23206.39535958645,19,2.4795580620787527,1
60,4174.964933287962,20940.180847470932,9,5.015654306581122,1
42,4691.661923263828,19243.682151541278,17,4.101677074411643,1
44,3104.5629951872015,2543.0019138637635,18,0.8191175111621221,1
39,2711.5698076783447,11894.608211647403,1,4.386613310845059,1
57,2734.89731746741,14634.279946561144,14,5.350943106014996,1
59,3377.067736425415,19252.768217881825,4,5.701031107614277,1
41,5549.475957971143,34205.89686979567,10,6.163806660097895,1
28,3461.6009211572973,21873.951330816726,14,6.319027475733319,1
48,5488.325109173737,8519.893113829105,7,1.5523666955494495,0
25,5529.690302389905,11158.051841207061,12,2.017843899211608,1
37,4059.7512122512426,26118.90961880526,16,6.4336232082363525,1
57,4874.72579086139,10806.23828705706,5,2.21678895401982,1
56,3944.1752146273743,23149.635980170777,11,5.8693224110120665,1
39,4378.520453447096,15937.776721885402,4,3.639991383239515,1
47,3382.2740510715703,13668.88848426859,13,4.041330855475185,1
54,5168.209379565633,10927.476880336657,8,2.114364198080355,0
31,3798.9082690803334,1000.0,7,0.263233521098441,0
32,2667.868248124409,19318.00899360642,11,7.240990632572489,1
41,6186.857777697074,6582.961895919447,11,1.0640234724079618,1
31,6254.582402570926,3653.059201881235,17,0.5840612476989122,1
59,7223.397071288215,16982.197615086807,14,2.3509987679603244,0
48,2951.205250791643,23236.343023662204,2,7.873509650821202,1
25,4038.1453865780263,1425.5352952581925,8,0.35301732820130294,0
37,5460.990810179446,23027.16406117623,2,4.2166641295665475,1
40,3995.9202463754796,7774.352614973073,15,1.9455725178761614,0
61,6141.823967615644,20191.448448263378,5,3.287532914444962,0
32,5995.865774967871,19631.59363121467,6,3.2741883104145812,0
26,5958.590712382133,13346.852412411226,17,2.239934416820417,1
37,7919.334466608529,15238.98347649198,8,1.9242757760448659,1
39,6288.154148916899,11830.397412178174,19,1.8813784032657495,1
46,5307.782222962853,17108.298055419953,5,3.223247928561384,1
64,4612.929026806926,17037.64874412225,19,3.693455642849057,1
64,4752.271783646368,7608.918368154387,14,1.6011117870695821,1
52,2871.579692319853,4137.344614878715,10,1.4407904561883473,1
26,1468.5796260999573,23066.83346552386,13,15.70690009283422,1
56,5927.5122554621275,16632.08544523599,5,2.805913295229332,1
58,7447.2658751261315,21958.69026386069,7,2.948557313792531,1
31,4339.7701533945265,9636.769762848277,10,2.2205714639773,1
53,8174.188318065195,8404.4924976418,11,1.0281745624905199,1
44,4646.97513383706,6905.304577041137,3,1.4859783790879357,0
43,1092.4560377739822,13553.939376238188,13,12.406851083780047,1
35,6836.498507459206,16859.570300703283,2,2.46611189665412,1
47,4041.4235255237095,10649.401062340545,4,2.6350618773518764,1
31,7017.557355040028,27518.59665865389,3,3.9213924826549458,1
37,2444.94503213672,9862.81765695447,15,4.033962942853984,1
34,5824.0883242953005,16990.369083833477,4,2.9172581420095938,0
47,3399.077832911375,7935.655288024941,4,2.3346494779226346,1
38,5402.809733124711,9615.040020072163,15,1.77963698427546,1
48,6533.213389150712,14309.299277216687,6,2.1902390791305275,1
24,6068.80200258777,8338.911514107054,5,1.374062213687528,1
27,5138.735666060185,15715.323584476191,12,3.0582082064020555,0
55,2243.0817875755542,18522.007308979217,7,8.257392758290289,1
29,6460.688361103531,23746.995432241558,3,3.675613820844534,0
28,7062.8608759912,6360.776456866102,7,0.9005948961119006,0
37,2914.005951686915,16342.738444658498,12,5.608340791204529,1
37,3207.9415713880007,14504.414996067058,15,4.5214087206056375,1
53,7147.114716065823,1000.0,19,0.1399166012757742,1
52,4583.116874861467,5969.703227243379,6,1.3025422196818457,0
28,3259.7733251888367,18799.578287082826,8,5.7671428076962306,1
39,5545.108827038546,4178.745488122804,6,0.7535912492369478,1
58,3722.951224091163,14412.636154495161,3,3.8712933065658244,1
23,5322.084262811963,1000.0,5,0.18789631103503848,1
25,4173.586658307304,14176.381056581524,9,3.396690237248144,1
33,4344.978359838911,1000.0,16,0.23015074349808148,1
51,7220.794767714903,10163.371658349832,16,1.4075142675140921,1
36,1000.0,11498.09022574019,9,11.49809022574019,1
52,6109.501508870489,15984.204500225243,18,2.6162862022404783,1
42,6890.901556532987,12979.591040721223,13,1.8835838727685486,1
49,3756.0117176446893,5112.795632328447,11,1.3612299472629352,0
42,6875.530708726301,5262.280070916166,10,0.765363474304227,1
63,3081.952066318352,2087.131181871904,10,0.6772107862031598,0
23,3680.0329086727447,16651.884035387597,6,4.524928023372849,1
30,3449.6659128179303,16298.825586097897,16,4.724754801772635,1
62,6902.584327205169,20355.265718270526,12,2.9489340156329966,1
41,1510.1046266643339,10998.866775706987,4,7.283513063596365,1
36,8280.29445205115,1125.252890204898,5,0.13589527482638694,0
32,4390.122867772221,12472.00564590616,2,2.8409240519127223,1
22,6229.824308314711,15088.375939511123,19,2.421958500398356,1
61,6057.4158427274615,5682.008061330238,1,0.9380250933493466,0
44,5302.463576413038,6441.28243107613,4,1.2147716506208364,0
55,3798.6278770448807,18607.38468606067,12,4.8984489369188156,1
50,7484.7451258557085,15804.972369681464,2,2.111624658411402,1
50,3970.2974685577915,24062.955389760362,12,6.060743705055737,1
55,3537.5026845581915,28776.806467962713,16,8.134780107327813,1
39,6755.420567047066,2977.5309117214892,2,0.44076173824704296,1
28,5291.49923907374,11649.058755131926,17,2.2014665841983674,1
46,7715.643150232401,15989.075736162882,2,2.072293316945494,0
60,4874.6658170890005,17908.587193834086,4,3.673808188256183,1
27,3698.249254608507,23127.049473725907,6,6.253512914227334,1
50,5549.486946047798,20828.999714929763,7,3.753319886582244,0
27,4104.765687825193,24107.440932493104,15,5.873037041796612,1
23,3756.154977388589,15490.881650805359,12,4.12413272190786,1
21,6663.776387311747,9971.970024659935,5,1.4964442749980624,0
56,8663.110134550056,30599.652155098727,14,3.5321785917348274,1
45,4507.076416163019,16226.601434098066,16,3.6002499038860667,1
57,3050.5176274281384,13065.220079972254,11,4.282951838238487,1
21,4693.087300200363,6422.245478599718,12,1.3684479038618207,1
35,6029.602459791847,16275.747315501243,19,2.6993068654252728,0
57,5514.959056954941,23035.92021095856,17,4.176988436914659,1
33,7388.463388943424,10996.276839044824,7,1.4883036242015308,1
60,6330.1796765514,13932.96361280631,9,2.201037620530356,1
28,2793.1810637801823,16993.251532347633,14,6.083834575818593,0
25,4013.3632987184496,18777.398156499246,12,4.678718760022363,1
29,2238.3317600493488,12921.319071197087,15,5.772745265836826,1
21,7289.358691260375,11851.12641191392,12,1.6258119422937585,0
56,1016.2254694571984,10913.903844307017,13,10.739648013483183,1
55,2433.3353387553752,6147.228873867247,9,2.526256359311121,1
22,3976.3950679896543,8838.575701276015,7,2.2227609556272117,1
60,6127.834806209634,8623.465931684375,1,1.4072614886657513,1
43,3956.693172588697,2662.5833244573787,10,0.6729314627940591,1
29,4269.5411725710155,22943.557358064714,6,5.373775876776158,1
54,4308.9442534546,17876.541906305232,15,4.148705774499894,1
34,5345.565244716492,16137.816933273558,15,3.0189168393789654,1
24,2558.9769294599964,25436.383878511202,9,9.940059867549829,1
50,3105.645903903906,20742.779061109955,13,6.679054761212653,0
51,8361.847397591782,8683.074747300729,1,1.0384158349746326,1
58,5804.798194394023,24387.128490533636,9,4.201201777192784,1
31,6521.5643437056915,22778.092139839107,3,3.492734402263999,0
55,5116.057062910433,6056.626691384738,9,1.1838465867187242,1
28,4719.43950351452,22222.248548809228,15,4.7086626562880065,1
23,5914.2618921905605,11262.003423206212,7,1.9042111473076688,1
34,6455.227367352266,22977.185911547796,4,3.5594696521080595,1
33,6692.151349383438,12296.425863448345,17,1.8374398936122747,1
52,4746.880880361319,10733.338218276327,4,2.2611349407738532,1
54,6910.753112556642,11557.807026484235,19,1.672438132029927,1
39,1000.0,7222.654350807704,5,7.222654350807704,1
58,6784.574019450243,3157.149775976841,16,0.46534237329061756,1
36,4146.188086512396,1000.0,3,0.2411853922529499,1
22,6106.764892603394,6562.616000005928,11,1.074646906409426,1
60,3701.3445486082737,36044.986241765204,15,9.738349339922522,1
37,2346.610939844445,18826.087109820237,19,8.022670818652283,1
54,5679.408062633335,29913.780870339262,14,5.26705961967264,1
62,1996.9389533576013,12454.395271308851,16,6.2367431164424705,1
36,4200.645143554586,11253.427860188276,6,2.6789760800088973,1
58,3375.1406177916947,28732.32526016685,5,8.512926871463504,1
22,4649.934923413047,18006.099426806642,17,3.8723336397985944,1
22,6594.418239194544,7357.796010457509,16,1.115761200393047,0
46,4020.309429091018,20063.339875989637,2,4.990496435625332,1
33,5629.155094825223,25007.076948905196,11,4.442421025473918,1
51,6478.6920764541765,3577.020534731213,4,0.5521207818675858,1
54,3785.4898984124256,18717.26665448549,6,4.944476714185716,1
59,3814.4929425617947,4106.201787394908,7,1.0764738195156296,1
23,7738.657804400422,24574.04259447162,17,3.1754915665734846,1
28,4841.222720444186,16845.58745537229,8,3.4796142272559387,0
43,6018.277586263749,20037.289271009668,1,3.3294059610582307,1
34,6003.122184718448,13260.448516960187,15,2.2089253073535624,0
47,2604.024787844044,1000.0,12,0.38402092202353116,1
49,3478.24824765601,11468.542718173181,15,3.2972179964158186,1
59,5750.69472708004,22438.716191779546,15,3.901913987211938,1
59,1000.0,30949.030260148138,9,30.949030260148138,1
21,4577.40476592315,17258.320719109415,16,3.770328734655572,1
37,3269.432255214435,9509.179377502513,2,2.908510908074719,1
61,7221.012283953307,19285.622226139454,15,2.6707643565426955,1
50,5692.230906309898,21719.157874286702,15,3.8155792046683814,1
33,7382.492594781354,16062.02990460054,7,2.1756919764409526,1
41,4921.750732893294,15569.713658656952,13,3.1634502646793248,0
39,4772.221614465955,16708.866066562587,17,3.501276222360102,1
39,4390.14096184087,15348.40301945598,11,3.4961071074629233,1
45,3993.8612008898153,17382.24770536518,10,4.35224131011175,1
42,10369.31267811197,29620.506016591244,1,2.8565544251660566,0
51,6614.339031586444,1000.0,14,0.15118668626215714,1
37,2867.622908126435,13092.354444648934,5,4.5655774361221155,1
43,10278.617738324358,7541.166985405421,8,0.733675205887635,0
52,4190.040129995454,24446.424484529845,1,5.834412971256285,1
30,5642.304000353712,13872.942642764963,7,2.458737182876938,1
30,6879.194743743731,19477.63820427184,2,2.8313834583598227,1
56,1924.0921458549983,26418.454222606942,7,13.730347727638334,1
28,3345.346396701802,6351.923155095999,7,1.8987340627441154,1
40,8296.32964914138,10779.858896934817,9,1.2993527683715493,1
52,4550.342673327209,25592.658959028762,4,5.624336626128295,1
34,6997.340233521744,6031.497749276496,7,0.8619700554764732,0
48,4093.063118707309,11049.757196141067,18,2.6996302953742024,1
44,4809.880789026316,2197.156002860718,13,0.4568005111215028,0
35,8570.513732153,25906.90680058847,11,3.022795086763182,1
42,5875.024484596046,10350.027491353812,9,1.7616994649964353,1
50,4310.304466138003,17809.283736376925,14,4.131792516349523,1
24,3633.2730783943043,20407.842593951682,8,5.616930561952355,1
33,3816.2492151735933,8574.105036671235,14,2.2467361414920637,1
43,7483.120061474182,1000.0,17,0.13363409804800044,0
28,6530.99661727784,13244.287221241888,14,2.027912123886873,1
38,2702.6467358528175,13113.377894034167,5,4.852050295761741,1
32,5174.3571137414065,14515.972171220981,10,2.805367285661689,0
51,4866.367056387989,14560.136061645075,6,2.9919929781154213,1
34,5632.185539136588,11009.81726133457,10,1.9548037231426811,1
54,3792.85776171726,10699.701585221446,11,2.821013140333803,1
38,7195.611223298847,17381.62823051829,6,2.415587458955243,0
54,4997.32144542795,8409.140879762588,10,1.6827296325826935,1
31,5746.873035170818,14237.412415277455,14,2.4774189943199723,1
61,3430.6195517713686,10496.330148724217,3,3.059601914559291,0
32,3531.3737246588757,17364.84194914598,7,4.917305078160027,1
35,10315.0222185338,23868.610242546172,2,2.313965955367463,1
51,8600.159904853366,24195.022184952162,7,2.8133223629130524,1
49,4860.637674234176,25314.32698030139,17,5.208025916947166,1
46,8066.007901453879,12327.25779726305,13,1.5282972627687472,0
38,7425.475028524859,12999.624065350721,9,1.7506791168797748,1
52,3749.5779419017217,4848.381492334525,13,1.293047262240803,1
42,3550.1335971957296,12259.607777341926,15,3.4532806841482975,1
58,6337.353250702634,12545.297408417086,13,1.9795799464115662,1
37,5520.121276225645,10062.818915044432,17,1.8229343906597708,1
43,4195.990767322559,10025.654852618125,8,2.3893414949088285,1
44,6442.453087497475,1418.414478569306,9,0.22016683075612103,0
28,2115.0341488141066,4264.699234220821,9,2.0163737009220517,1
61,5230.003055704914,15356.348700629973,8,2.936202624944777,1
26,2522.1526928744884,15656.586450237839,16,6.207628306751755,1
25,2588.0173129498744,18864.446955966407,7,7.289150216102816,0
64,3586.470420695187,12928.844238258773,17,3.6048935922222656,1
49,5726.574552687977,15093.233902659975,7,2.6356478491274355,0
48,3649.525982230739,25004.076392518386,6,6.851321654993363,1
31,2563.7827840992363,14576.793409628024,5,5.68565851211512,1
21,5954.498405353894,9943.446822873826,17,1.669905027421509,1
63,7985.494088882072,5472.416767537739,8,0.685294698941271,1
39,6277.700868404025,21379.83890894744,1,3.405679779448112,1
29,8603.597449187293,1373.260772922531,16,0.15961471710327998,0
47,7818.356787205176,8292.65104249519,17,1.0606641866314162,0
54,4025.143574980129,18348.634663491815,3,4.558504391630899,1
64,6264.3196387282205,1000.0,13,0.15963425522185193,0
24,4816.7384128896865,10085.161696954314,8,2.093774008977989,0
56,7124.1995623961175,16033.34005036586,16,2.2505461715299404,1
38,4816.376885472859,11933.298766395299,7,2.477650534863349,1
35,3422.6069815814667,7138.488579774063,15,2.0856874944126997,1
33,7746.811884700508,10252.445400955376,2,1.3234406041539932,1
39,5635.591101446739,21535.874613232227,2,3.821404751615789,1
26,3672.940657381537,29651.019126233943,10,8.072828257283183,1
32,4002.5473998523535,16115.909452748785,5,4.026413142126255,1
57,3660.158711123032,1000.0,4,0.2732121962255495,1
37,2996.5051345805678,19544.818216884756,15,6.522537869644104,1
43,4044.9693155128984,11828.931883554675,13,2.924356394544065,1
46,5746.042427462413,6236.6171820923755,17,1.0853761107445585,1
49,5128.12134037236,8597.815588598685,1,1.6766014331428412,1
53,4123.566127235682,8937.681217424946,18,2.167464020618606,0
47,7991.0149375944475,3713.2191777772277,15,0.46467428815682155,1
45,1000.0,14495.449783149066,14,14.495449783149066,1
30,5612.271830311422,29625.174394478607,9,5.278642106120993,1
43,4714.481490364813,6206.471271977291,12,1.3164695385190759,0
41,3059.6375404070395,29378.776201260032,5,9.602044625636154,1
41,5728.908691575435,16664.93341980914,2,2.9089193626554946,0
63,4560.50357527769,14256.821692351334,7,3.1261507544116403,0
33,7494.146932427788,12424.320679470855,9,1.657869907208491,0
57,6736.130484822933,8550.846660276893,18,1.269400389369337,1
53,8812.26147274797,17334.820814676114,4,1.9671251095174904,1
44,4033.364138972015,19175.832377566465,2,4.754302293780451,1
64,7793.108979495031,1000.0,1,0.1283184929956923,0
31,2668.2904639691574,35344.30671334118,12,13.246049180405018,1
37,4778.727001448842,1000.0,13,0.20926075075994385,0
24,4069.5058947314574,10821.369578361711,14,2.659135988074494,1
45,6204.890825818818,1000.0,5,0.16116319014654648,0
50,6156.551596487105,12856.72601307555,3,2.0882998885953508,1
29,3198.760813544057,11308.28899313991,4,3.535209305196823,1
41,6316.384347968833,10906.453057605204,17,1.7266924330075646,1
40,4239.021834312216,17434.669375150006,19,4.112899167922968,1
39,3366.405280096612,13049.50621845017,11,3.8763919173973207,0
39,4976.437275715345,19307.350395970156,8,3.8797535920303132,1
32,2046.311677274964,5101.3540302866,12,2.492950652111794,0
57,6862.612699977543,15619.06621467244,18,2.275964985569352,0
62,4888.75837911656,9946.552398754815,18,2.0345763949480036,1
37,4932.508756403919,12037.28442773418,9,2.440397984515703,1
57,4825.666745826986,17162.78919344413,5,3.5565632890596346,1
59,8293.700173383568,10965.554148712876,17,1.3221546377941074,1
48,8037.755377659641,14158.67412738256,13,1.7615209050446556,1
61,7701.522186798373,5766.036714852922,6,0.7486879314243645,1
55,4829.916711482324,23764.0978427673,14,4.920187916754777,0
38,2768.7501750201254,20827.55226395696,15,7.522366030660592,1
34,4968.041114232172,15799.868454517986,14,3.180301469175726,1
55,5628.800841454364,13058.71984939088,4,2.3199825712818756,0
64,6625.220607786556,14165.027161230382,18,2.138046111941143,1
61,5622.365482200486,23592.18698011428,1,4.196131869193382,1
27,2947.0114476208273,20260.844549102756,12,6.875047793064965,1
61,3929.169059319561,23726.754639355513,9,6.038618924547987,1
33,3747.726937502156,12264.871416676215,10,3.2726160740117045,1
38,6078.106100811642,18867.194235663646,18,3.1041238706155867,0
57,6127.194906479935,24509.39185724276,17,4.000099920327714,1
33,6389.263776161741,7590.833573651497,19,1.1880607593589732,0
56,5602.0717093447065,7087.657113547449,4,1.2651850032059866,1
51,1000.0,17201.63595784307,16,17.20163595784307,1
22,1548.2806434503823,5120.464853757201,7,3.3071942579777507,0
36,4719.624737320716,1000.0,9,0.21188125235729866,0
29,5196.155840932785,24397.165840068392,8,4.695233666373014,1
29,7507.331174305957,25791.188205325394,7,3.4354669597628025,0
58,5155.590295990063,5559.843566294558,10,1.0784106663050623,0
31,3048.101338280706,3544.1059113578285,8,1.1627257489270013,1
42,6324.329615554737,9774.482386907415,17,1.5455365202450868,1
53,4965.496614271515,25022.466816956527,12,5.039267722998449,1
56,4195.89042893193,11714.092379374844,14,2.7918013060118647,1
43,1770.801184059781,15757.560141718488,12,8.898548455672664,1
54,5170.374016222465,17599.37392822425,2,3.403887972708511,1
29,5457.635821958921,16390.78241886895,12,3.0032752190830077,1
44,3007.7073917879006,26952.569152027343,14,8.961167308235282,1
28,6488.715576412551,9240.871770218091,7,1.4241449885413437,0
27,6309.593597301966,14182.345832388663,13,2.2477431570954347,1
56,5097.8251647859515,16859.405596778954,4,3.3071761097728523,0
38,5023.445715884082,14608.034390674473,1,2.9079709858283174,1
23,6892.075493328497,5247.190339911656,17,0.7613367475430176,0
48,5735.060737562063,3219.7158651197424,3,0.561409200783534,1
26,3595.489102103279,3052.1817799588025,17,0.8488919569171677,0
64,4604.703432799704,20810.03799873969,8,4.519300385451096,0
64,6113.698803872158,8436.776074485191,3,1.3799790184530671,0
41,1000.0,18754.19923153043,10,18.754199231530432,1
48,3136.947902420743,15693.94430254565,2,5.00293431409391,1
60,6364.27533267795,7201.1429158268365,4,1.1314945597736656,0
21,7417.755208432225,7400.8074465634345,14,0.9977152438449943,1
56,7042.097480536024,16072.105283312781,11,2.2822895206627303,1
41,6786.586624495561,15621.477676498364,14,2.3018165892282396,1
63,5259.487725342882,18936.25789021659,13,3.600399673711964,1
55,2942.193180624621,11339.963537771268,4,3.854255258440854,1
33,4606.75323085353,8226.337767938436,2,1.7857127038719798,1
30,1013.4618987616304,15878.964199962275,2,15.668042596732153,1
64,7601.312172421507,26359.3529955729,11,3.4677372008490672,1
30,3365.774395051382,1000.0,5,0.2971084459701982,1
33,3933.308479953594,8607.578624210028,9,2.1883812744612348,1
57,7117.238105281153,19723.52113826736,17,2.771232442488057,1
58,1770.7460857809115,16731.885075897928,12,9.449059472871317,1
44,2621.1947519491373,19840.15435058807,18,7.569126382476846,1
22,5535.942687650269,11562.759802961707,3,2.0886704316423335,1
42,6040.760830134957,2104.671861530398,5,0.3484117184429858,0
37,4856.598409651681,28371.941742933275,14,5.841936958705245,1
56,4921.833774128185,23670.687119287177,16,4.80932274545985,1
34,7536.75590778889,14806.574740631015,19,1.9645819662713373,1
30,6272.636890121302,8266.715064232305,9,1.317901101090588,1
55,6002.339869055091,11075.459402869294,17,1.845190316524484,1
45,6551.292985587485,16832.668094478075,7,2.569365792601414,1
23,4398.819450622765,12986.941866512348,10,2.9523698374739427,1
58,9346.33132828604,14884.006683879585,4,1.5924972228230498,1
37,1000.0,27881.097633406964,10,27.881097633406963,1
32,7915.842048237562,22389.40170639617,3,2.828429568194972,1
44,6804.2150374862185,5633.772250666907,9,0.8279826871474472,0
49,5496.576503101708,15615.352018202895,13,2.8409232563926254,1
63,5160.057915204223,10837.09192130308,1,2.1001880404038396,0
45,4688.8934057257875,17383.545005985758,15,3.7073875436703347,1
56,7206.887175926818,14493.348747929263,15,2.0110414377432506,0
46,4920.271052000232,38741.59023013392,11,7.873873170947432,1
58,3544.2305209538254,18434.093260287547,10,5.201155272294916,1
21,6803.965770643364,13926.527950665602,7,2.0468251046696184,1
40,8169.532468119716,29744.04845866792,1,3.640850755503975,1
48,1145.6617538424935,16644.395670820642,7,14.528193522212078,1
36,9714.18366154064,2850.205631357254,5,0.29340660323743767,1
37,2926.5374049407174,14004.424163183872,16,4.785322114639966,1
60,3079.4034469692947,19909.62597897643,8,6.465416539872748,1
48,2510.2205610147744,18876.23586318642,2,7.519751911981618,1
32,5001.698104929251,23041.39763494659,8,4.606714989902916,1
47,2440.563430062732,16229.731749689217,14,6.649993829200354,1
62,2683.4798722982287,15664.887772517312,4,5.837527582832712,1
50,3622.899904832766,3780.1975864784636,15,1.043417617316965,0
61,5276.911350388678,27227.378062897318,7,5.15971867916482,1
54,5469.707197935022,12555.171358408541,8,2.2954009975430667,1
57,7482.39455882017,7163.721491021417,11,0.9574102828588338,1
26,7436.2975463898265,36023.26310558807,2,4.844247137888752,1
27,7049.222628195206,28440.68550594203,9,4.034584663589158,1
52,4476.765657868549,11418.008621941213,6,2.55050397866425,1
52,1317.6364440068246,1000.0,1,0.7589346853211512,1
45,1273.3712033920115,9252.22862980374,3,7.265932043348879,1
53,7035.459752219625,27633.08477007923,10,3.927687136773291,1
27,6687.50894341474,16413.706429642876,5,2.4543827258437725,1
32,3766.5910751119072,4204.509226912096,12,1.1162637894763179,1
36,2118.5274974051167,21271.852337819975,1,10.040866764238299,1
36,2905.697953661817,13321.135771095642,9,4.584487439345885,1
63,5349.388604399055,9810.38425766268,13,1.833926263946339,1
56,5353.121999709874,10417.276163201956,19,1.9460188211228038,1
33,7085.062546253999,25451.140065095038,7,3.592225177821686,1
27,4099.291085585008,19373.090786832632,16,4.7259612411905385,1
56,4511.9279429967155,3111.5385055224306,8,0.6896250438467376,1
29,7250.642611932878,17937.510240935615,19,2.4739200648801294,1
52,1000.0,15860.9206379704,7,15.860920637970398,1
31,5634.905893834052,11636.738147274053,4,2.0651166792346,1
28,4331.542442736129,12058.551012325763,10,2.7838930754441997,1
53,6425.519557907486,8079.580559327306,1,1.2574205846722963,1
43,6025.2132057226845,9699.789027538183,17,1.6098665219556754,0
45,3607.380711220669,17317.787588288407,13,4.80065426264044,1
28,3985.330287042036,12779.440743970465,19,3.2066202355979714,1
42,1000.0,19365.453105522687,13,19.365453105522686,1
24,6499.98299652364,8720.162940449063,9,1.3415670387311525,1
60,5479.547640129262,20659.956930966582,5,3.7703763682359765,1
23,7797.024710903425,25515.556595649272,1,3.2724734808096865,1
49,4201.1999276789065,14945.730880005427,2,3.557490987643308,1
61,6828.671195296051,19165.012882199342,11,2.8065508404330863,1
49,2860.1479088717215,19477.142975212537,4,6.80983767126083,1
54,1000.0,10983.215811130709,9,10.983215811130709,1
54,4810.972119264465,19506.91974265638,5,4.054673205139824,1
48,3866.636489893949,1000.0,5,0.25862270803414134,0
33,2898.35714843056,1000.0,8,0.3450230419468812,1
35,6796.210786973234,12364.17388809907,2,1.8192746334175416,1
43,7416.493347087115,20067.726472403152,7,2.705824104903284,1
64,5210.8425587317215,14319.5733579876,17,2.748034160808127,1
46,4634.961860763669,20966.989031831472,11,4.523659452157151,1
24,5125.416747805045,5386.114806810905,15,1.0508637778805994,0
46,3694.1475121973444,22062.71519983514,3,5.972342773803271,1
60,6125.191896856804,28030.500915313783,13,4.576264937870417,1
29,1921.256027677122,9428.715880752956,18,4.9075790758364795,1
25,2853.8437431396146,21167.990092034648,3,7.417361284380269,1
52,3417.4776973863964,15182.546510640901,2,4.442617583796419,1
40,6082.710861963058,18534.724359486674,5,3.0471157975615184,1
31,4395.020285913513,28014.492533608714,5,6.374144079243049,1
35,7720.780789406145,17618.426185404678,13,2.281948764764739,1
52,6606.619512757017,21115.536967976135,8,3.196118215556867,1
48,3397.813648875309,4895.642870562537,16,1.4408214741803205,1
42,6266.93158079724,20869.126287622254,18,3.330038954241689,1
61,4183.585943695963,27880.057206833022,16,6.664153093076549,1
37,5946.360990047927,7611.9950166942335,1,1.2801098065579906,1
46,6703.544327185947,12415.814834814602,8,1.852126909113255,1
64,7229.429203625434,20489.013073793896,2,2.8341121403497542,1
27,5404.043139675833,18582.2730223996,5,3.4385870989760967,1
62,8200.247372960437,4122.17798587136,15,0.5026894675719007,0
46,5882.628712122544,16319.290979294728,14,2.774149411412789,1
45,5270.1043189152615,12338.545558152335,3,2.3412336476656237,1
30,4394.971224680127,7250.758941623181,7,1.6497853048289077,0
39,3737.381959623265,25853.798947141364,4,6.917622877846682,1
31,5839.767452123411,15043.683020585917,11,2.576075698890347,1
33,5201.515273959969,22864.38922324884,12,4.395717020713838,1
28,5521.65120126878,5612.695790037438,15,1.0164886526602293,0
60,5961.491655112583,19711.565260168725,6,3.306482068672202,1
24,5513.202956286097,23493.516182532694,1,4.261318940879118,1
51,9026.590813855702,13062.811197165907,18,1.4471478176583188,0
48,3944.0702316437237,11022.55912657478,14,2.794716746709918,1
31,5864.586688239412,4565.826071897476,7,0.7785418333151398,1
63,4544.613568302518,8055.578567189787,10,1.7725552340413109,1
21,1000.0,11378.93372291607,9,11.37893372291607,1
58,4613.054354263109,7192.710638746731,2,1.559207866714091,0
44,3127.005888162919,8856.426711159731,8,2.832238578342679,1
51,4866.355082319173,16264.77533123767,1,3.3422911103080297,1
61,4947.19495733659,17222.30558714168,2,3.481226378920311,1
46,5770.715775878675,23726.760164254167,7,4.1115801030144175,1
25,3939.6412493676617,8905.813168972387,16,2.260564504547674,1
40,4189.814168526118,15185.48168907613,4,3.62438071911386,0
61,6401.387305619897,11658.425819680788,17,1.8212342517450302,1
31,3381.882941037755,11093.078002903101,4,3.2801484250957285,1
53,1323.0940185814156,12470.88616288275,3,9.425547986569908,1
58,5314.062713852963,13430.596282028317,9,2.52736879582109,1
47,7141.697495136488,17003.170130368497,15,2.380830347679623,1
54,6378.360951293772,12357.136267385005,3,1.9373529284005968,0
35,5350.968391060607,24818.64504041415,12,4.63815953050227,1
52,7501.290686697555,1364.7969464967846,15,0.18194161558317595,1
41,7164.034478329832,23431.629003914277,8,3.2707309093488544,0
25,4338.170944541879,12051.970672463694,12,2.7781225835803043,1
26,5495.04345667414,13489.336667178755,13,2.454818924278925,1
58,5580.920445272881,14923.076173090854,15,2.673945332034058,1
42,4826.498742514861,20645.136346047766,11,4.277456070627827,1
38,7268.495141747757,7957.667528245787,17,1.0948163785017424,0
34,4695.719133206458,9745.12618224401,12,2.0753213524484333,0
30,3999.4422179900084,19004.47737518118,18,4.751781958418247,1
33,1000.0,1414.5693649979403,16,1.4145693649979403,1
51,3403.392235252577,14726.66695287798,3,4.327055459649383,1
50,2369.164182393136,8618.162636080087,9,3.6376384127902543,1
23,4919.207697467129,6934.166604360975,7,1.409610455751103,1
50,2492.6214990744907,1892.2892138813604,19,0.7591562596182239,0
26,6217.369483337803,21178.416440552286,5,3.4063306833073437,1
49,7216.875216428078,16270.607193677204,19,2.254522449915683,1
28,4937.68648282376,9621.750378013629,10,1.9486353399479404,0
64,3031.964567472516,13683.536722635448,12,4.513092557028863,1
63,5572.800752363068,6256.941485965772,8,1.122764255175031,1
64,8786.950116176056,10710.513252476007,3,1.218911352729638,0
53,8164.961258649122,13413.229312655536,19,1.642779296527211,0
37,2187.842613525154,15511.603800686493,11,7.089908435275184,1
31,2113.6375530635237,18136.508895799543,8,8.580709057478817,1
33,1600.9271204001038,1000.0,13,0.6246380533238015,1
31,2726.0410924993575,18161.407673798494,10,6.66219145550271,1
51,5503.18493753726,1196.030230452965,18,0.21733418811620067,0
48,3886.61144966015,18452.267828732663,12,4.74764922291014,1
64,3322.659928230781,13293.512364412352,7,4.000864563798666,0
26,7078.219535032904,23731.678771301216,11,3.3527751793856866,1
61,6060.1862381752535,9604.215285032733,10,1.5848053026047928,1
36,1590.594745692376,21246.72008378971,3,13.357720526444432,1
24,6963.449348419271,5660.8542003294115,7,0.8129382317707885,0
55,6012.069444924077,15847.102940744573,4,2.6358815522538754,1
46,6056.526516060745,1000.0,8,0.16511114041161912,0
32,3859.0519521388624,22064.503689630244,8,5.717596954713473,0
31,4625.391640410219,28814.987226716366,6,6.229739980279985,0
57,1054.5569436057663,9414.222220209987,13,8.927182431724033,1
45,6733.97334506925,15981.04453585052,12,2.3731968804943606,1
38,3002.1459773973693,18550.703398361606,3,6.179147695690549,1
39,3258.741937812112,2597.9600227791198,6,0.7972279095298246,1
43,3231.7174112805665,9007.146425678047,19,2.787108301684388,1
58,8600.802233807637,8511.921450900109,11,0.9896659892308464,1
38,3662.591870475426,34256.509203482376,4,9.353078479649353,1
46,6884.520547087446,23366.41891488288,15,3.394051736074524,1
26,4952.015790234436,13263.337080671186,2,2.678371322407128,1
24,3341.780573129042,21232.325952272062,15,6.353596679267122,1
64,2979.1998934406047,16689.99614166975,17,5.602173985846544,1
49,3742.2878250320164,19744.29819143799,2,5.275996693618581,1
54,4851.077186448252,6571.886710021403,7,1.3547273022949058,1
37,6203.474212776348,25987.011135034663,16,4.189106014419015,1
63,4058.0166410191678,8858.07686983727,5,2.1828586852745313,0
63,3983.176516439361,9272.223796652539,16,2.3278465712940988,0
36,3237.689710195852,19721.8174542196,19,6.091324129089134,0
22,2611.9157170795543,17766.086013947726,2,6.801936945274947,0
54,2444.6179604954755,15185.253888564872,15,6.2117083871408365,1
28,6976.057835879202,21716.800668320324,4,3.113047680973437,1
33,3942.3218307582556,5711.558089971299,2,1.4487802709077033,0
62,4119.448200888468,29754.82837340297,10,7.223013113014882,1
28,3666.774834038296,10994.758255633926,5,2.9984819775598734,0
50,4366.287420144753,14292.710902777122,18,3.2734241994319477,1
52,5742.148348646868,29878.614094340875,4,5.203385959434807,1
56,4026.2383576607563,9324.479678745603,1,2.315928380396019,1
50,5361.479774861142,23184.340020181447,18,4.324242745237607,1
21,7836.41697899528,13285.424574418817,6,1.6953442638426526,1
63,3360.6719676255875,8265.323448047478,14,2.4594258314021555,0
59,4121.063460019583,11930.086461076247,10,2.8949048168793685,1
37,6282.120538823618,19530.241574177562,18,3.1088613237330165,0
40,7994.5923343638515,23114.13063806188,9,2.891220674093462,0
44,2515.379444247598,16804.84735934267,12,6.680839901818213,1
42,1598.3919503043358,2216.4507849184993,10,1.3866753924132842,0
49,4998.787298255417,20084.253197294605,19,4.017825124166422,1
42,4792.246206056391,13862.945323072552,6,2.8927865403811484,1
64,6400.338592332197,6180.137865369683,14,0.9655954565862623,1
29,6095.120693242027,17771.148962795738,8,2.915635285532495,0
57,4932.073548251454,24070.716149176937,14,4.880445498974892,1
30,7098.429706733583,15053.751583977557,11,2.12071573656601,1
56,3637.96469029468,22386.661534314087,16,6.153622544505987,1
57,5423.16158415351,18699.16827552476,6,3.4480197547799,1
48,2568.5855423713606,18802.43435861341,15,7.32015112926887,1
48,4915.743447649364,12556.104391578909,15,2.5542635667007914,1
62,2077.736722919937,21549.57231061873,14,10.371656848002447,1
63,2768.3129060473993,22313.430763442393,12,8.060299366700399,1
41,8418.90367497984,21341.34272171019,2,2.5349313337714716,1
44,1350.9248642888592,12489.706106210006,8,9.24530033932325,1
62,4566.69660917048,22880.638155908862,19,5.0103258688045464,1
60,6654.430245449336,18090.516038476097,14,2.718567235842224,1
22,9442.711163378857,7221.396308583488,5,0.7647587841709941,1
28,5354.150083532097,11948.061725760426,9,2.2315515141253512,1
47,5468.440252125385,10756.728206162945,13,1.9670559995571302,1
42,5079.370763495498,1000.0,9,0.19687477968468373,1
57,7114.468809368325,23027.30440142672,14,3.2366863947880957,1
47,5863.407130475797,39809.49374146414,5,6.7894814150887255,1
49,3849.82442641423,24666.783215047486,2,6.407248872391411,1
23,7231.023382857455,16302.874596953789,7,2.254573624475191,1
64,4075.618568304346,10873.450154967406,16,2.6679263460837763,1
33,1803.0077598320013,7599.330054166941,11,4.214807181348473,1
30,1809.3509171288438,16205.163030550073,11,8.956340573372646,1
56,4597.863707150635,22746.452106079745,12,4.947178419121967,1
29,5206.083131542777,9603.340382334001,13,1.844638308625728,1
47,6911.258546097479,35514.0814204044,8,5.138583831516161,1
54,6281.632823562203,3928.054938278121,16,0.6253238685878157,1
21,5159.701890412688,16795.9856388256,1,3.255224041147503,1
52,7023.020982864704,15562.35478831118,13,2.21590606468091,1
45,5025.475813261902,15053.011363288715,11,2.9953405254811503,1
49,2419.027934440104,10449.160782103305,4,4.319570118780714,1
27,1983.095356044886,15659.731149577196,4,7.896610267299092,1
23,7557.375415211316,11401.830865979682,15,1.5087024581351791,0
40,1000.0,25303.11521770034,3,25.303115217700338,1
40,4598.518688581663,27966.19266727156,19,6.081565512979848,1
50,10963.586987510047,11891.654004935655,2,1.084649943351832,1
55,5918.466888620997,1840.2345874000475,6,0.31093095932295095,1
55,4582.914359042267,17541.176989783067,8,3.8275157717432897,1
59,1631.076866693641,17252.755280109744,17,10.577524353639346,1
47,8234.741136266432,15841.698471075628,5,1.9237639907473925,1
46,7427.655741388915,19263.621768142664,2,2.593499542635038,1
34,6369.593824676794,26052.22248995097,12,4.090091645878678,1
37,4998.880534046371,21663.777442672435,5,4.3337257802271525,1
38,6144.0244938827545,19251.482559495875,10,3.133366831246107,0
49,4702.757882792295,21031.324357659432,9,4.472125693439258,1
40,3053.4781790313364,17011.806551982256,8,5.571288070373229,1
47,6912.669863009625,7436.472453181705,1,1.0757742812187514,0
38,4898.68268683558,26603.65132100628,6,5.430776602962936,1
24,6043.887929317575,15820.668550745575,11,2.6176310242291194,1
21,4757.753518880468,7432.485878236734,3,1.5621838854707313,0
21,5923.638764093687,5976.169475906116,15,1.0088679802912435,1
46,4971.014538684501,7657.606507999951,11,1.5404514407287198,1
40,4814.900295820917,5138.355835771728,5,1.0671780348663822,0
43,5059.979190955041,20351.075413364448,16,4.021968202901503,1
30,10921.73938092609,13599.10696472657,7,1.2451411346141696,1
31,6604.813971963874,21208.037952341663,6,3.2109970155655527,1
61,10172.115833799046,24355.788959335026,9,2.394368030927024,0
61,4983.795171983635,22286.255335569032,7,4.471743835069916,0
25,4381.884061270959,20072.18724834132,3,4.580720751091578,1
21,2851.6058832490485,17300.232961225778,11,6.066838711075433,1
37,8206.46239324512,13477.095493455536,12,1.6422539759091281,1
42,3189.630185701788,14010.830982128684,11,4.392619258789087,0
54,8619.12151477338,19674.90791236942,2,2.2827045515771136,1
61,2967.6233384594043,7309.4768658590565,1,2.4630743299295044,1
49,6773.319737264854,14568.921989700926,2,2.150927839645147,1
24,1817.9850330527083,9057.262467778884,14,4.982033571844203,1
25,4116.088596818671,24383.85662860369,13,5.924035903272344,1
31,5044.163058892649,20736.458615302025,5,4.110981023649605,1
41,3805.0179685930257,32099.635564604618,2,8.43613245181968,1
55,4661.34679633208,8938.389942079668,19,1.9175552329882657,0
32,4670.9097888422775,9796.209492944245,17,2.0972808159012453,1
46,6613.867100060128,15460.008801954307,11,2.3375142814426613,1
39,1000.0,9196.33205948017,16,9.19633205948017,1
27,3874.1605439438717,19300.958428156715,18,4.981971761167248,0
27,7509.272695541912,14592.374985822154,8,1.9432474458525555,1
46,6124.959846633189,11091.754386402523,2,1.8109105470298743,0
60,7542.572524254027,23700.836516915293,17,3.1422749255247426,0
25,6517.57870954537,1000.0,11,0.1534312118909193,1
41,2832.969785980378,19336.90541471134,14,6.825665953235574,1
34,6321.794342239153,10590.940257042403,16,1.675306041874677,0
24,5200.385600185526,21534.051791389422,15,4.140856745434644,0
43,9536.122663585982,23450.045664522375,15,2.459075506030055,1
62,6604.32916498882,1000.0,3,0.1514158327088309,1
40,6046.734815355201,13307.020969966226,7,2.2006953134730014,1
35,6338.848526682622,15465.533023892844,12,2.4398016388611494,1
49,5937.691083333247,1000.0,3,0.16841563260287182,1
28,5883.602255492146,16822.0066176758,19,2.8591338923315255,1
61,4467.413261206163,10775.576740364817,10,2.4120393861783684,1
39,6070.945774040001,5354.181470152667,8,0.8819353144361307,1
59,6896.933360545391,9796.087327287936,16,1.4203540639275203,0
48,7120.656138064171,8413.490908374726,16,1.181561185548559,0
47,6878.2336392070265,10433.1414850215,12,1.5168344130607796,0
24,8016.127292304143,16480.98712762034,5,2.0559787197295205,0
35,7245.784246607849,22849.972240515446,6,3.1535540478192927,1
55,6257.03582820154,14377.312401408935,6,2.297783294864304,0
57,2712.678400672596,23822.064565295907,8,8.781750376081932,1
21,2713.4633543418313,6632.340128875308,17,2.4442342728759745,0
23,4503.731193477299,16223.11413280514,12,3.602149736711837,1
44,5093.507372095438,31852.892385408584,14,6.253626442147368,1
47,7796.003062406524,2275.481894600347,2,0.2918780144627003,1
60,1000.0,1969.9381684884956,19,1.9699381684884956,1
56,2933.587474513809,25239.773626667906,6,8.603722863539618,1
54,4611.558171070327,16764.20105548224,18,3.6352574192057356,1
49,3006.2847427346233,10187.9996667216,4,3.3889004331154053,0
44,3403.785323259471,5962.610915956004,5,1.7517588066471232,1
44,4001.675808229128,14712.09117713948,6,3.676482524367725,1
62,3108.3482718514624,16068.632722243045,15,5.169508471028536,1
24,3455.151345169047,16108.218288837761,6,4.662087613429752,1
23,7726.465127388904,5884.420659795622,8,0.7615928581540384,1
54,6228.636680323958,12304.408618970709,9,1.9754577527117447,1
43,6527.886689484008,10455.33642923832,6,1.601641837025323,1
43,4931.7544850840895,20171.55113117207,2,4.090136926357585,1
25,7022.210425343523,6356.404583247449,16,0.9051857176348426,1
51,6695.596635945569,15608.222185443154,1,2.3311174543654274,0
61,6197.075828880722,36073.81134108724,16,5.821102135457115,1
26,3691.6718897157784,5810.156170728733,1,1.5738549752795221,1
57,4115.9257032202495,9021.896176760223,1,2.1919482583715255,1
30,7116.260197464738,14249.100375209626,7,2.0023298726887555,0
60,3966.5325170980896,1000.0,16,0.2521093664780035,1
27,2422.9517274710884,3585.3803430418084,17,1.4797572326312847,1
59,3927.9638504720433,17485.540400346083,16,4.451553289688436,0
58,8118.811364438237,13594.639033868107,16,1.6744617436753018,1
41,3929.9266712168064,23437.65726034916,6,5.963891751978227,1
40,5655.309583973385,13095.001293240202,18,2.315523332330064,0
23,3768.6241492571035,12390.846694431046,3,3.287896644422239,1
42,6526.851108970732,9377.033798707045,8,1.4366857221270029,1
24,6073.5983814060455,12257.239375127907,4,2.01811819047053,1
48,2017.630517669275,5307.297454425498,4,2.630460536727199,1
32,5536.063974171961,13820.272776281701,17,2.496407707851466,1
58,1634.826225402865,7229.9454888861455,5,4.422455045400616,1
56,3891.8644051421807,5313.876630026472,14,1.3653807216421616,0
61,4977.132166735245,9884.340499988763,15,1.9859509791704821,1
25,8693.731830924993,18609.222557908983,12,2.1405333083444105,1
33,5635.824930198353,16138.044060463308,13,2.8634750476351876,0
43,3465.8278254739143,20340.85221243401,18,5.868973658451316,1
50,4365.579794966799,7614.110914641843,14,1.7441236381523406,0
57,6848.3935488850075,14894.430940945982,19,2.1748795297213834,0
45,3492.9663165200654,28614.336812308495,7,8.191987617222738,1
47,7193.956996002981,26180.117855259672,6,3.6391818674764878,1
34,3953.897443905209,4802.904913156146,5,1.2147267300925195,0
56,3169.3616889757645,6932.768590627979,4,2.1874337077849977,0
59,4017.9940781944583,28579.76311424892,18,7.112943065135535,1
36,1767.431191823861,18612.40341002058,14,10.53076549521225,1
42,1000.0,13474.159308767848,16,13.474159308767849,1
41,4834.929221358282,12580.706643551466,14,2.602045669660735,1
41,4865.404243312881,16819.67822884598,5,3.4569950178267956,1
28,5512.923569073333,16919.94804101345,11,3.0691425028875416,1
36,4825.0516305488545,10734.710967478473,12,2.2247867565838644,0
51,9658.506248211645,13694.395938015541,18,1.4178585783439521,1
62,5336.8186865453945,10454.233306295335,4,1.9588886039264193,0
30,2247.07428776679,16349.92407740227,13,7.2760941489172195,1
52,2760.1702885948334,9099.45943230122,13,3.296702188955753,1
54,5000.609338697456,4858.027411078583,4,0.9714870892802011,1
29,4129.1467648830585,26803.00610968224,7,6.491173028198557,1
37,2543.0402056730713,14443.39520986909,2,5.6795780018139075,1
31,4882.303834734274,28576.43727779189,18,5.853064095374393,1
52,4911.551541235316,1000.0,6,0.20360165043661288,1
30,8191.38746699343,3404.2157135721245,16,0.4155847501157956,0
42,3167.8205857558087,18734.358194049084,3,5.91395809418268,1
37,4164.5443881836545,14450.139251305143,15,3.4698007523477257,1
24,8185.232778191264,5738.479495566335,10,0.7010771289065768,1
45,5657.172415861218,24091.962858322513,9,4.258658051639899,1
41,3156.0905449612364,8040.8533661530255,11,2.547725818256518,1
57,3570.535630978182,24588.405624896644,14,6.886475354444347,1
58,2571.6824899306775,14436.521363380583,12,5.613648426625845,1
21,5154.545255347321,6440.555475232886,7,1.2494905284906481,0
45,7062.319969671342,9650.091850646892,11,1.3664195182445091,1
56,8261.80255126465,25977.224223286023,17,3.1442562397366465,1
37,2027.4365381304456,12618.023719639537,9,6.223634368982498,1
61,6738.2344739666605,22778.726970717235,13,3.380518600046262,1
44,5328.625595601096,26203.5206783866,16,4.917500809217712,1
22,4476.139270326505,14356.614001152104,3,3.2073653508338857,1
60,4165.323920241368,13214.456376590371,5,3.1724918948979686,1
35,1158.1363282105713,11760.254899359341,17,10.154465077120957,1
52,6275.997258136492,17816.780994574867,1,2.8388764783917604,1
59,2362.2864483133017,27047.44019200052,9,11.449686896063213,1
26,3503.608369884583,5183.708805549386,17,1.4795343138537338,0
21,5835.969269106593,16753.21887723264,13,2.870683189837518,1
43,1366.7288591017882,16407.03541486617,15,12.004601575215764,1
59,2358.4121143706006,1000.0,8,0.42401410419606594,1
37,7437.325318287079,7900.274144158302,8,1.0622466822491834,1
54,5244.117759145459,9539.671146498938,2,1.8191184074503792,0
61,3675.597265751254,21112.236262401908,10,5.743892688985007,1
49,5251.992308607019,22511.607289606567,5,4.286298601906616,1
29,6338.952675019473,1000.0,16,0.15775476664162477,0
33,7249.535782475354,20113.616663641333,19,2.7744696029038067,1
26,2775.1296492804227,19079.423878562986,1,6.875146854313702,1
26,2950.3236741756436,19627.0934117646,13,6.6525220888683165,1
40,6216.686597357454,16221.96771438123,4,2.609423438086255,1
23,6280.825137000202,22603.518761035193,7,3.5988135743309213,1
37,2312.062036459767,24372.165563621726,1,10.541311253455994,1
32,3025.3786490224056,1929.074688850058,2,0.6376308266317019,1
21,4612.505398277092,14610.205573821991,16,3.1675205365134826,1
37,5047.152488861022,12964.090032534259,14,2.5685948782300083,0
23,5103.859754609062,10418.023175397015,5,2.0412048285592044,1
46,2281.3523866351215,11363.935621165803,14,4.981227664669126,0
35,5083.655541006976,16494.269010699183,17,3.244568574257095,1
56,3565.258610259115,4627.129934333021,12,1.2978385133180372,1
52,2667.3647468193412,20364.976480678408,12,7.6348675241968,1
52,4978.007903177262,12047.02343328927,3,2.420049077382971,1
24,4774.012740624636,21997.173436713205,2,4.607690559668485,0
38,6603.386476511953,10040.55063971878,15,1.5205153712315214,1
39,3278.063265473089,9607.091112150625,11,2.930721689645039,1
63,5470.340873957161,7436.293230621222,10,1.3593838852023714,0
55,1862.649623142819,10085.163125715946,18,5.414417720010815,1
60,4450.288645574953,8588.560996413558,2,1.9298885264337642,1
34,5927.355669991311,18477.977512757236,7,3.117406570742249,1
53,6096.0424542382625,23376.85855747905,7,3.8347598024397502,1
34,6109.667591937285,18102.944717468134,7,2.962999941495665,1
54,6608.751594500665,14380.621080262024,14,2.175996612163265,1
24,4108.42033229508,18895.099552888227,2,4.599115481042538,1
44,5991.450876845928,14708.6430127284,2,2.454938430617903,0
49,8737.489525083243,15228.586759667834,15,1.7429018616789413,1
39,4065.734700788342,12546.888493873803,11,3.0860076756707646,1
26,7760.396031796064,21692.73010495637,10,2.795312251601135,1
53,6752.945911083404,1000.0,3,0.14808351986926632,0
60,4467.353135314304,1000.0,17,0.22384619476240356,1
39,4634.24899764478,23217.79548603611,9,5.0100448849071055,1
21,5236.804719334439,13427.78292756237,15,2.564117557789886,1
25,6640.329988063201,22337.870761581456,14,3.363969983681005,1
47,5805.269263067026,10135.370835582828,19,1.7458915988727337,1
36,4050.004805563635,28393.953063064408,17,7.010844289384208,1
26,1000.0,13907.850757123075,17,13.907850757123075,1
60,6344.347917837638,18595.132376480746,16,2.9309761408574477,1
33,1135.0045499126154,11422.830016941753,8,10.064127071403549,1
55,2268.0405860998094,7822.946502754161,7,3.4492092208132545,1
39,4195.045610596641,1072.571359436717,12,0.25567573251823844,0
32,2571.8428006619206,21285.63245010687,1,8.276412712561026,1
36,5635.056855606983,18163.340603473935,12,3.2232754821987437,0
63,4407.623600765474,15749.540639556146,6,3.573249911090619,1
30,6570.461960844911,5891.073329749384,16,0.8965995640574164,1
45,1784.5649335586522,26323.728000675874,18,14.750781832400445,1
40,3676.204567626404,15846.980748329996,19,4.310690674801548,1
51,5008.3987546584585,20623.110641086587,3,4.117705408720587,0
24,5085.456261011912,14976.102638361288,3,2.9448886923238073,1
64,6388.072810953444,6284.62762241378,5,0.9838065107269458,0
43,3170.822839212912,22939.490889480992,3,7.234554578639033,1
22,4063.9794299940013,18606.1475561751,19,4.578307512792348,1
42,6014.69932176074,13548.720208611578,5,2.252601415933346,1
57,1000.0,18469.364259024947,14,18.469364259024946,1
28,5769.870503784586,21540.34833801726,16,3.7332464088905404,1
27,6527.897231389845,20281.64845583657,1,3.106919079288023,0
34,2332.6785546435203,1309.3902527265327,17,0.5613247698102294,1
23,4369.954103429975,3078.3857217477453,11,0.704443490454859,1
36,7985.319633014295,20862.79303737605,9,2.6126434502535716,1
39,6319.656595462296,9431.039091695777,4,1.4923341085443707,1
38,5893.944545941733,6611.099212470574,2,1.121676520866257,1
36,6981.9186302489725,17976.8338379684,9,2.574769886329562,1
28,8609.090235225005,6368.448742872446,5,0.7397353923432308,1
53,5037.068139636744,11166.870297367257,4,2.216938502279736,1
32,4185.62199155595,21818.158796149568,5,5.212644342983049,1
31,6977.076821947863,2886.865451481395,18,0.41376432066795543,0
25,4625.09372810098,4053.889922434757,13,0.876498977264888,1
47,3143.9626839621133,2112.0285436096674,5,0.6717727771972241,0
32,3919.8674940255146,8110.681354523176,19,2.069121307514887,0
37,5624.659164116762,15661.721912477691,3,2.7844748375854778,1
26,4100.808395178238,10049.696549960749,18,2.450662303992856,1
53,4250.049505144172,27026.79251460608,6,6.359171224215955,1
25,2945.368370709592,18642.478016388133,6,6.329421542574937,1
48,7870.733032405624,14849.455584862608,5,1.886667420140408,0
34,4314.746560625058,25139.271601421504,1,5.826361119523018,1
25,3576.9780587695204,4353.543937238963,8,1.2171011020225773,0
53,3789.7543867887734,21932.572190260005,1,5.787333413140909,1
61,6605.051949924289,13109.930906999893,6,1.9848338826691843,1
39,6146.397157006325,11357.418848261223,14,1.847817275412282,1
42,3996.290591714255,19888.57003333467,11,4.976757714909625,1
25,5064.62607595084,11699.931353037047,2,2.310127377141162,1
22,5553.40884770497,16455.22829350065,4,2.963086051245988,1
50,3591.838614988789,14200.713144231438,13,3.9536055670685424,1
59,1918.7544252200141,17451.61418743344,7,9.095282834556771,1
24,6030.074838862489,10943.356563697329,6,1.8147961436846247,0
53,3702.5316720034493,22414.09887934531,3,6.053722389150282,1
33,5880.696700767839,1000.0,9,0.17004787882861408,0
40,5642.053284495087,20127.14044123538,14,3.5673432040329587,0
27,5111.584602511023,1000.0,11,0.19563405044861398,0
35,4147.745702420663,8972.41446408766,5,2.1632026425465947,0
43,3732.143554968362,19178.872442327618,14,5.138835674419871,1
34,2723.165189927552,1000.0,19,0.3672197352179742,1
43,3770.5040912218224,16331.845957725764,8,4.33147546391694,1
39,6137.630023100375,4029.2332090572654,7,0.6564803016624209,0
49,7795.651484247987,7247.441218376736,7,0.9296774276044827,0
40,7502.198684484638,6879.409415936012,3,0.9169857671409554,0
49,5290.84603234976,4253.335181770672,3,0.8039045467897861,1
44,7794.588121363275,1163.1167793987515,18,0.14922106996403067,1
38,4386.3647442784395,31569.499683729173,13,7.197189819863551,1
30,2417.9066349698587,13540.228155971954,1,5.599979734594155,1
61,8841.748838420552,5100.620426167676,5,0.5768791354945145,1
28,6065.61657291354,10503.008508458393,4,1.731564859434135,1
46,1930.7384989201596,15293.288227131483,16,7.920952648784311,1
49,8118.097157274724,11970.441580249182,15,1.474537856389453,0
30,3513.1550297824324,4865.265805864086,18,1.3848707969387248,1
37,3948.235484549734,7806.146555355431,17,1.9771228402922025,1
22,7042.766278166409,24485.73127671318,14,3.4767206960455974,1
26,7723.414227313389,3778.296346418165,14,0.48920027273125494,1
25,2998.5219431174733,1000.0,19,0.33349764282876315,1
48,7941.981524053557,11896.361493194112,6,1.4979084825574178,1
61,6748.473592818882,1000.0,13,0.148181657117857,0
25,3400.5023761227176,7721.81276524959,18,2.2707858754841004,1
38,4508.187471432991,4984.50241269519,15,1.1056555310267069,0
46,8032.271793147114,5054.490868274866,7,0.6292728879751307,0
40,1878.876794783413,15556.238274974414,19,8.279541435694645,1
61,7761.428751784438,17056.455757150947,17,2.1975922607328555,1
47,6692.81425567305,8552.78686352901,9,1.277905905767426,1
32,6018.281524541399,14244.94280555599,11,2.366945239678111,1
27,5263.391377142015,8154.234921970498,5,1.5492359085024363,1
23,8940.275964924956,18206.709100024782,2,2.0364817788012886,1
30,9235.847201409804,3178.6904799709773,15,0.34416880342994055,0
54,3769.5404999646908,16321.925176949759,12,4.329950872554001,1
45,6224.409574463334,16928.644769402814,10,2.719718965611673,1
55,8748.752994355664,33687.83335882296,10,3.8505868642716243,1
36,3429.9108379999793,1000.0,11,0.2915527683463374,0
22,5486.279148623754,36246.08359130132,10,6.606678699605312,1
44,7007.750884564983,21053.476884709256,7,3.004312971666969,1
30,1000.0,29618.517649125344,14,29.618517649125344,1
58,6657.110457395778,22242.121114018046,13,3.341107415351349,1
42,2823.1359531792045,7451.678327773368,5,2.6395038890641613,1
46,5384.662729911336,20262.72005191208,19,3.763043493765064,1
63,7288.689701783636,9674.778084360092,10,1.3273686328000147,1
59,1000.0,14294.842594464444,8,14.294842594464445,1
47,6571.717775487792,5602.519248363471,18,0.8525197581156958,0
49,9076.657969261661,9570.418710898983,1,1.054398958659614,1
58,3933.3980006682723,22175.812306444812,5,5.637825692359941,0
40,6153.380293568247,18503.65205479165,11,3.0070711010877047,1
47,7670.572661398777,23193.841871417746,11,3.0237431930132064,1
61,1814.1099035800517,3817.503980122934,16,2.1043399700256793,1
40,6514.739517067506,1000.0,10,0.15349807883802116,1
64,7047.532465195562,23813.7256973529,15,3.379016104566763,1
39,6277.240439873533,23221.382957503592,7,3.6992979924744493,1
40,5173.245384410243,16692.29956233369,15,3.226659151455781,1
55,2999.1744363877474,18353.805190008195,16,6.119619108288282,1
22,7782.846707072486,21920.3051610469,6,2.8164893882757984,1
50,5069.007130463316,16452.19274070518,11,3.245644031911516,0
54,3192.239174752809,19293.33798481924,17,6.043825956842103,1
42,4363.948339170863,21518.58176198485,15,4.930989115712886,1
23,5736.7709826693535,14251.884029188344,16,2.4843041620875126,1
26,1877.6300862315793,12235.240879436382,2,6.516321276036123,1
35,5035.860705168235,18056.42428607631,4,3.585568653149054,1
47,4166.245565884021,33116.91224606265,19,7.948862284366019,1
30,7672.0529627319775,8218.530861988516,6,1.0712296828386259,1
29,1250.218805424542,11554.078729969175,18,9.241645286279073,1
53,6877.515285004968,1000.0,11,0.14540134896977952,1
52,7834.18965120503,18478.427175383847,9,2.3586903046879337,0
26,1325.822725704275,10760.529666046663,3,8.11611496577017,1
61,1565.6350283858492,3797.341241723525,2,2.4254319639479056,1
56,8571.800093132959,14491.276118131565,18,1.6905756038035484,1
22,3191.2559027941343,26957.052520402176,15,8.447161036756619,1
49,11189.6582409769,12183.792149885754,18,1.0888439921487774,1
24,1388.3199289596673,12915.887728460995,19,9.303250251647306,1
21,5340.094809974241,26645.65542589034,15,4.989734522338728,1
39,4953.212525494565,14959.934363503407,17,3.020248835781521,1
46,4583.608464870086,5338.877572762054,18,1.1647760958817792,0
45,5925.924721411565,20511.993514900565,18,3.46139960920978,1
30,6041.292849458135,23996.74635778527,11,3.972121027031097,1
35,4664.6820347417915,13396.998529885488,18,2.8720068013439772,1
42,2971.6521123454586,16043.944157722948,3,5.39899811659307,1
41,7095.520728482759,4510.497331865177,13,0.6356823557373583,1
42,6256.1053261656725,8035.30138530466,14,1.2843935589923077,1
56,5229.167381232149,12335.68315002298,4,2.3590147820275593,1
54,6192.734964834719,15615.444841643077,18,2.521574866406356,1
50,6537.8829001822605,10042.0181659126,5,1.5359740024760389,0
45,3476.53591303736,12033.765882332638,14,3.4614242980217185,1
48,6121.360746963612,14009.463254532759,12,2.2886191214072613,1
21,3893.928548963315,7015.79514940033,7,1.8017267294922896,1
24,6604.0667131736,12849.59282034068,12,1.9457091180966852,1
27,4615.200827153538,24247.519729685337,8,5.253838486729555,1
29,6223.4391473634405,10231.820828006503,3,1.644078231622336,1
56,4132.409400580955,7792.552441205054,1,1.8857164636469799,1
39,6327.404871875346,31680.995690216256,3,5.006949346806457,1
21,3042.461541767983,16804.819933753977,11,5.523428875945183,1
30,5072.337759726925,8817.293423126559,18,1.7383096001874387,0
56,6961.265030219867,20148.004292777507,7,2.8943021426870086,1
29,5934.40931449185,17048.85796056574,9,2.8728820438678477,0
62,5384.057466898423,10438.509318815246,4,1.938781185563483,1
52,8607.12267930128,14608.385469534865,10,1.697243784460705,0
52,7047.273736977844,12668.485272423664,18,1.7976434214483092,0
26,6711.079898506255,22920.665311949513,16,3.415346808350646,0
58,6316.05555783301,20450.739405238044,12,3.2378973265799664,1
37,6565.393744493328,1000.0,19,0.1523137893806814,0
30,8314.204021104328,30223.27172959171,3,3.6351371283257645,1
47,4164.66262455801,12693.465042078782,8,3.047897557710553,1
55,7018.807930550483,28778.90548841461,19,4.100255452660248,1
41,5712.975777549552,20728.40908210451,9,3.628303337738897,0
45,4233.764925732014,16985.839480619477,19,4.011994000276868,1
48,4800.549793917441,14246.699251198525,17,2.967722419888212,1
35,5438.309363092687,37070.217982488335,13,6.816496728572838,1
24,3280.119864661155,12826.803580745398,2,3.910467943240983,1
49,6728.025551000894,9629.351172282812,4,1.4312298755836774,0
29,4794.297151821922,10349.527783061223,11,2.15871637808854,0
47,5169.858324485347,15008.473343694573,2,2.9030724638259113,1
46,7714.405099855614,14994.51002580414,4,1.9437027005601226,1
39,5259.496410453605,23032.191778691507,4,4.37916294284629,1
48,8105.33688884221,21065.992273695705,1,2.5990273522985956,1
37,3950.3709822097117,21075.925491632057,11,5.335176262317231,1
63,2805.8603224106982,13174.096054786947,2,4.69520736636962,1
61,4420.013706110234,20412.176864089965,19,4.618125241528581,1
62,1000.0,21250.3731414537,8,21.2503731414537,1
40,6811.523504941887,14365.391052118755,4,2.108983554368769,1
60,2922.20291742501,17233.601189782064,16,5.897469024830071,1
59,3764.6091571074603,21240.25114260037,15,5.642086669873674,1
43,6432.557123241854,16689.32240807226,5,2.594508231846256,1
52,5238.242195835782,17452.62620118774,5,3.3317715273001247,0
53,4118.909083839759,26256.761923318227,15,6.374688391723607,1
25,1000.0,16752.10818780131,17,16.75210818780131,1
63,7601.616059794389,10138.143333236776,3,1.333682634520086,1
54,6446.160066952929,4234.55991011564,18,0.6569120012741629,0
60,9111.442659396504,15905.207631732586,11,1.7456299980475394,0
31,3807.2403280191866,12348.262986814047,6,3.243363150977796,1
23,2091.0994712439847,21466.511447975365,12,10.26565772847001,1
53,6989.510570528848,27621.584789541143,17,3.951862510374773,1
31,4623.880165199298,6762.3590135101895,14,1.4624857850784545,0
36,6256.339718137912,7913.222053162475,6,1.2648325394193436,1
38,8239.830574653111,14806.727123357667,10,1.7969698514075352,0
50,5776.306192928353,8600.545027262326,16,1.4889350979682394,1
30,5334.597801091066,13223.792552481122,18,2.478873393187488,1
38,5460.0055726111805,10710.614248794678,6,1.9616489592102118,0
58,1725.5036280706709,6937.777677842867,19,4.020726218698346,1
39,7216.076418966093,21607.083053407743,3,2.9942979811878945,1
56,7344.172324498324,15602.256357144055,12,2.124440395427382,1
33,6061.1400499250485,29642.949835004896,16,4.890655815711016,1
23,1969.1907301383371,17872.053127635136,3,9.075836511976476,1
30,4757.702349725972,25308.258712387913,16,5.3194287603648815,1
58,7877.051550785707,9169.627084502881,4,1.1640938269076384,1
21,3868.492674053064,9070.342918383336,13,2.344671085774665,0
47,7368.506103827321,32766.964855783117,4,4.446893901433213,0
28,5110.192985313708,10128.672563234368,4,1.9820528485603919,1
62,6425.007679031921,7406.80359339304,7,1.1528085199906017,1
37,4175.717174350434,5630.030855701449,12,1.3482787795792814,1
29,5168.7617632913325,30326.004517572383,2,5.867170108893077,1
26,5873.430496337756,12802.423682683138,16,2.179718256760814,0
63,2833.5320522116313,18227.136640804463,7,6.432655888461823,1
45,5547.826257958022,16211.177755920322,19,2.9220774051217564,1
59,1000.0,9212.7236134181,11,9.2127236134181,1
48,3796.9964263564543,12629.576019967146,1,3.326201713622974,1
53,6087.766028727558,21765.470965558605,9,3.575280466241562,1
57,7240.525841101124,5193.138252334957,5,0.7172321964319093,0
29,5945.504283598457,20393.345924731333,17,3.4300447787060486,1
38,2219.3664523380644,26472.30131617267,1,11.92786404799647,1
41,7065.716257731163,17339.002719903998,17,2.453962498272134,1
22,2721.700536954532,25667.201874661798,12,9.430575306195264,1
63,6228.397102848701,4028.693102232546,13,0.6468266290198372,0
58,2788.332510814284,1000.0,11,0.35863728451380694,1
60,3453.5875912756856,16941.154720460163,13,4.905378616501932,0
56,3087.3017281390353,10309.23964592602,13,3.339239424499084,1
63,5277.91717856344,22030.11969327963,6,4.174017694471639,1
57,4608.930972750869,12516.448155650705,6,2.7156944266796397,1
35,6017.818875261383,16177.538999668153,10,2.6882728335630546,1
48,4962.730322653784,15647.870624595977,19,3.1530769570868786,1
38,1964.2530928259225,15903.071959204348,3,8.096243817707315,1
54,5551.62493619595,10658.83609749752,7,1.9199488834346763,0
42,1475.6686991342613,4082.8149469049113,5,2.766755809959376,1
31,3232.292013901994,13246.467642249414,8,4.0981655077192105,1
33,4272.173335841997,26600.333640253237,5,6.226417223544281,1
24,4133.593185620711,10129.373660304074,12,2.45050086097987,1
42,1705.1746789879485,10085.227210192605,4,5.914483327994506,1
27,7742.319107076384,16261.179414947923,19,2.1002982685233684,1
63,8296.005580113399,5583.179930863083,18,0.6729961638703197,1
44,9501.550208617897,23027.90533619461,3,2.4235945535822485,1
24,7295.302834979313,6346.1163696975655,7,0.8698907383624138,1
48,4209.1069224194525,12685.622279221207,8,3.0138512784392124,1
35,4174.64095810285,35311.26698901388,15,8.4585159163151,1
21,4064.2123276535494,5859.4861035540525,17,1.4417273585056503,0
23,8971.275372451553,26778.965740218948,19,2.9849675356583263,1
34,4768.917062069679,15969.985337531747,4,3.348765585493508,1
58,7538.465813840455,17098.54509985914,16,2.2681730636048774,1
21,7382.869955438877,8525.110141994666,13,1.154714927047349,1
58,5379.095712161741,21390.004889878168,12,3.976505724097256,1
58,2096.71831254099,12072.601496678933,4,5.757855704540625,1
41,4812.162722698168,5817.718821220797,12,1.2089613665347574,1
49,5293.932552425905,26645.283225143103,17,5.033173913961768,1
25,7555.842579805971,11913.20885816876,9,1.5766883351975134,1
30,5038.915824200583,1000.0,12,0.19845538899404983,1
48,2582.7888727503882,12850.34479000559,15,4.975375620354666,1
41,6975.81999546341,21464.556101280872,2,3.0769939756530316,1
27,4544.917355005025,20186.8944373333,9,4.441641697863389,1
23,1000.0,9872.966908949009,14,9.872966908949008,1
40,5649.96914915349,7180.1509617181855,4,1.2708301182129385,1
39,6001.542588240419,4070.5823263284638,4,0.6782560094307204,0
55,3314.123614268424,14817.89462657366,6,4.471135163087342,1
24,4615.908398753822,16207.965930180802,5,3.511327463637827,0
25,6315.434051947899,20671.685445896244,17,3.2732010620109917,1
21,5663.569602404566,13807.726155619783,13,2.4379900177720915,1
24,1874.6860997700019,13570.65787476146,17,7.2388960884845694,1
32,7507.100332994736,12772.055453927514,19,1.7013300591964353,1
47,8412.6612390773,16221.613595349716,1,1.9282380609835301,1
62,3979.632227936315,13930.684354880983,17,3.5004954118850584,1
43,1180.2568541548267,22512.698044127967,3,19.07440568116772,1
45,6542.225613605902,17486.75977417219,14,2.672906867932662,1
41,3653.8151216438127,15864.015505834475,12,4.341767434225687,1
44,6070.8975901705,14666.140357609233,15,2.415810864830836,1
45,9404.340933134077,7465.403650372784,6,0.7938252880720345,0
52,1907.3848416222977,14994.779663223842,2,7.861433799835725,1
52,3406.7582403753518,9827.774241446474,4,2.884787691997676,1
25,4611.040812903102,17772.40821673852,13,3.854315964197473,0
56,7583.356722717885,13329.12760357899,13,1.7576817352727427,1
62,12111.234259106552,28314.51697139449,17,2.3378721248087935,1
62,5494.170374199255,4904.394462179784,6,0.8926542367908589,0
59,1735.554518550961,1000.0,11,0.5761847232750223,1
36,4308.957251497554,17141.30430339543,19,3.978063207157153,1
53,3450.2730275240315,9854.027282455769,16,2.8560137716194505,1
41,6443.170955371579,16288.484851303212,8,2.5280230749928707,1
29,5753.769406597866,5114.89741210118,1,0.8889646161759472,1
26,2916.373263990804,30271.67793012329,10,10.379905173283314,1
55,3333.029151505738,11907.910379362758,2,3.572699138854879,1
59,4279.885554851324,9336.435433651397,19,2.181468479470996,0
42,4521.2833798745005,30123.93729341583,14,6.662696133470845,1
61,4915.622167660845,21722.745203203274,3,4.419124265919789,1
25,5097.746430388833,26116.085152959302,9,5.123064771773532,1
62,7469.7010754690755,13622.585911365917,8,1.8237123244601134,0
43,4207.57797595712,15375.278465318852,11,3.654187409758308,1
37,3912.866319506834,10226.189636005776,15,2.613477895992791,0
32,2322.451958220235,9292.220648309252,6,4.001038908649874,1
43,4552.28153476495,18185.908632471986,2,3.994899808719978,1
36,5512.392492386098,12052.381158620949,1,2.1864156399001167,1
23,1551.8072768136421,32766.55296295632,3,21.11509170793203,1
50,4315.142813210855,21740.202862641527,18,5.038118969338319,1
42,7320.588259840088,30066.09253493394,14,4.107059633427698,0
29,6296.612085402421,1000.0,17,0.15881556405838032,1
49,5746.866345521585,30163.36805429757,2,5.248663574332691,0
57,6242.42459794901,1000.0,19,0.16019416563374378,1
43,3852.5914602207504,4912.710914585472,9,1.2751704833774349,0
33,3586.160428188076,1000.0,8,0.2788497670488363,1
52,7543.817561476315,16944.39312277481,10,2.246129759195663,0
43,6657.278758849752,14854.423619747124,9,2.2313056367063826,1
37,3507.453956737792,21359.353554101875,8,6.089703191419155,0
60,1242.5520806440272,14292.285746926522,7,11.50236353837071,1
41,3548.9689030393656,24800.802339743495,6,6.988171217421456,1
22,6087.068454931827,7538.453971753035,2,1.2384375217014811,1
57,3683.4797145535404,24985.30249014714,9,6.783070473126117,1
26,5660.135621601031,14754.074613113766,9,2.606664504081338,1
64,7839.541107797797,33846.88160518467,19,4.317456996496647,0
38,4813.945844413851,21975.256079693703,9,4.564915516279437,1
50,5467.9203059697575,12570.706643827392,2,2.298992293304452,1
42,6369.8077129991325,14727.416332245777,19,2.3120660773151633,1
53,2835.831483344928,6927.0729246749825,16,2.442695542862209,1
50,3453.901549975898,17874.881304174152,14,5.175272382705549,1
37,6452.322319807095,12566.430556950436,1,1.947582580983979,0
63,5073.935041098216,20793.346306872212,13,4.09807105105777,1
52,5243.517220618859,4296.006739356582,2,0.8192986803711788,0
62,5066.571655714699,12362.617634887687,14,2.4400360786259907,1
34,6956.587937923916,5723.830831882686,1,0.822792852323358,1
30,5871.42528089935,6221.26860940945,15,1.0595840552801028,1
56,5897.640182141624,19848.40133812579,18,3.3654819088875296,1
54,7444.396315111545,23996.05070533827,9,3.2233709342728245,1
29,8213.147716149379,1000.0,8,0.12175599837729892,1
62,9487.183447536096,29894.996251427263,7,3.151092884073118,0
48,3841.972610369454,26232.69714972243,9,6.827924040614081,1
31,9938.814828017248,4226.594218106609,9,0.4252613909449198,0
34,2806.4541130896337,21614.74821994276,11,7.701799975680707,1
59,8870.494806086252,11318.512065403396,4,1.2759730221179435,1
39,3732.080282617248,14215.19546455681,7,3.808920062830996,1
35,4862.120407590493,19816.436461076628,7,4.075677852432495,1
48,5037.151890325947,18839.966817112174,4,3.7402022466892633,1
44,3266.0585003439633,10416.03046986361,12,3.1891744954251893,1
28,5173.437333511922,10382.141545866301,17,2.0068169142813446,1
63,3369.3237803247157,10854.187967142694,3,3.2214737065419787,1
29,2530.1131426586007,24142.620627331693,9,9.542111070164644,1
53,4922.552733947532,1000.0,5,0.20314663022371976,1
53,8179.7537804858675,13704.687568759595,16,1.6754401093898883,0
39,4491.960521966049,27580.37523888844,8,6.139941592099525,1
23,6882.041830748431,20629.628407265125,16,2.99760287929282,1
30,3308.667414568363,23407.71244133093,19,7.074664663563539,1
60,2433.047858730933,13815.531102089424,16,5.67828168793011,1
62,5907.72031391072,5691.494562191627,18,0.9633994603282161,1
21,8511.22477020289,15445.500456564514,15,1.8147212502997172,1
49,5417.908904266307,9488.515686659372,18,1.7513243309033277,0
54,6653.294893074145,32845.492101828604,14,4.936725732090975,1
33,7990.248820392953,13734.585395140975,16,1.71891835959941,1
21,4926.939300635712,20099.671944839814,5,4.079545275146052,1
54,4695.873436677501,28619.136281183528,8,6.094528880964176,1
49,5944.1767012612645,6226.006538667647,16,1.0474127623673406,0
33,6300.038212236339,1000.0,1,0.15872919596864282,0
49,2202.0498226335803,18920.109995304876,11,8.592044467312295,1
59,5591.4512525415,20426.619166269025,11,3.65318738261099,1
44,4998.63718111361,11687.225591942617,2,2.3380823949576803,1
46,3420.962321779374,5749.974150854987,19,1.680806045201984,1
37,4860.379219644626,17478.552844567428,5,3.596129448896253,0
27,2669.3503362745496,14810.026701783156,3,5.548176460963386,1
33,1978.144540252632,17577.611446658335,8,8.885908531443041,1
25,5133.696499282057,5936.353094228853,4,1.1563506130639096,1
46,6804.154046791152,17598.36469203679,13,2.586414794699747,1
23,4305.4185236932835,21556.28291849965,14,5.006779898370529,1
27,3078.541472384648,2952.895288120628,1,0.9591864571612563,1
59,3389.4024288240007,26683.33286931645,5,7.872577373048793,1
21,6097.889035533105,17035.942193741506,7,2.793744211229673,1
37,8334.770435885195,21807.555887320505,6,2.6164554926946146,1
63,6540.9123828545935,4768.554970139667,15,0.7290351392932996,1
45,7601.583798497115,20460.679907019898,15,2.6916338028221323,1
23,2904.7526044596625,1842.8658503628449,8,0.6344312584601854,1
35,4852.140166530392,7414.026986679327,2,1.5279910992309311,0
49,7037.381700848815,17106.93942802169,14,2.4308670689211493,1
63,2201.644837545535,12792.398676861078,16,5.810382518881863,1
52,3683.2535727471763,15219.977350177824,10,4.132210028327187,1
46,6884.0383140830645,30419.094746968956,15,4.418786380769976,1
36,5516.851541576698,15094.514538580754,4,2.736074085884644,1
45,3069.7781354346334,20677.613751020694,12,6.735865863509078,1
48,1738.3571855861796,14465.872569632871,10,8.321576652703243,1
29,7674.630362730012,14228.922374658483,2,1.85402054589597,1
21,1000.0,7173.857386165259,4,7.17385738616526,1
49,6264.790357940609,17944.977803783746,6,2.8644179259787235,1
42,3933.911129226606,35283.83534948752,14,8.969149070844466,1
36,7094.136632726701,15702.903786745825,3,2.213504560132818,1
61,2915.7034003821936,12863.935990284343,15,4.411949441976205,1
64,10229.597870723539,24121.12448041845,1,2.3579738700630237,1
61,5804.597711376763,23182.42199969224,19,3.9938033869695544,1
27,6134.138437571179,18512.45917703007,1,3.0179395795247337,1
34,3453.9056264463143,12533.049488406035,13,3.628660086263316,0
49,4733.239331602347,24155.41967715299,8,5.103359028535673,1
39,4785.10185448764,15967.440011295621,18,3.336907028702176,1
39,8592.136658503365,22310.083217263153,3,2.596569875920627,1
22,5801.153542855573,8445.620481467675,18,1.4558519127405105,1
61,6087.659412806477,10306.320734809702,9,1.692985766110456,0
35,6065.297752963728,15775.040062788425,6,2.600868202237913,0
23,6257.221798169194,5118.3418758521675,2,0.8179895232976635,0
31,2221.0929805144206,12040.791636255808,4,5.421111021415716,1
50,9098.53621607343,4763.688389502573,18,0.5235664590846014,1
60,3245.0228556100806,2641.9782790698537,7,0.8141632267712174,1
38,4923.1913286618255,34487.9414117312,11,7.005200307968811,1
22,8062.965795043256,10128.201910511867,5,1.256138518749295,1
52,8869.250593474722,10831.736571297428,8,1.221268522874587,1
28,6611.90815946295,15641.752791993136,11,2.365694201243054,1
42,3990.6106205089072,6506.099740680029,15,1.6303519334217407,1
26,5255.4691058886,10986.655416914158,3,2.090518504733275,1
32,5333.934558215708,29675.27334801158,7,5.563486582770985,1
60,5404.780914618268,17864.79666312998,8,3.3053692546188516,1
56,2539.8939451750716,22888.653939457057,11,9.011657350078597,1
35,7520.219064790975,27588.744266679583,10,3.668609122817676,1
48,5269.1779518755575,16685.195890911502,9,3.1665652675428104,0
38,3555.562462100118,13230.035947588642,15,3.7209403824603964,1
22,4003.2138245051174,3529.1643388936227,5,0.8815827716447054,0
33,5539.700071017425,11936.85242580283,15,2.154783160238944,1
35,2194.186700883187,13700.017885314808,4,6.2437794740987105,1
40,6756.870152331913,8541.775922726985,5,1.2641616207141513,1
49,5469.460604819484,27361.80327497099,15,5.002651129959834,1
62,8131.379234052185,23818.356502564086,17,2.9291902169337716,1
49,5155.167442269141,22884.33739261092,8,4.4391065176610365,1
23,2829.4641204289014,14070.378877929776,19,4.9728069623999795,1
39,2604.3936202453287,6735.745194766425,9,2.5863007582286777,1
23,4218.588772175143,25624.012113736804,10,6.074072041045334,1
34,4430.190466756938,17682.89027739506,5,3.99145147597674,1
60,3865.4765706848366,21184.658978834203,10,5.480477915581046,0
24,5256.961065836869,19953.978676664166,1,3.795725025687943,1
31,3814.7126122286472,17485.01803485732,4,4.583574127918944,1
51,5508.411788848478,30996.926532065678,5,5.627198495729297,1
63,3958.703168663461,9740.85062135962,7,2.4606165722317415,1
52,6263.4074154691425,12528.563585270505,5,2.0002792017533304,0
47,4379.802413246352,28129.268814042574,8,6.422497217903691,1
50,7492.413344534865,15656.507324059245,17,2.0896481019002313,0
63,6304.589399579307,13992.532532163863,1,2.219420115304822,1
22,5387.17067962341,12975.942921609785,18,2.4086749229406013,0
29,4584.645466720182,20434.42090355007,12,4.457143099042877,1
48,1961.9805493427543,13165.721391295296,3,6.710424012972857,1
51,7827.098809347844,12267.57334386963,14,1.5673206181093002,1
54,3638.445843165401,20302.524931200274,16,5.579999210195015,0
35,5181.464268804439,15746.0573311043,18,3.0389203735139367,0
45,5687.608647071764,6924.424077964156,10,1.2174578997324579,0
56,4632.976880843881,15256.131341081904,15,3.2929435508650866,1
28,7709.202108716056,26156.252015702208,10,3.3928611089505414,1
29,2557.2581651825067,21122.44916729299,1,8.259803196594945,1
57,8467.869613974675,27143.83737138903,19,3.205509603807913,0
59,6343.115115016632,9149.600566859644,2,1.4424459277428159,1
52,4507.158826331061,23561.83819797625,13,5.227647639201605,1
37,4529.540012137423,9811.865072286886,16,2.1661945906195474,1
55,1000.0,5140.8566315124535,8,5.140856631512453,1
57,3303.5344596637974,8575.490266092449,3,2.5958531296704503,0
39,4292.192489973913,16051.282107155708,19,3.739646379944452,1
64,5352.209952061816,23223.612398587837,14,4.3390697686740545,1
49,7519.162488904454,17483.325156692517,11,2.325169216982814,1
27,9075.091249657902,13773.74656506487,12,1.5177529554409814,1
48,5544.534197605146,6742.308800108798,11,1.2160279943842727,1
29,5411.218624285932,20642.650652530017,11,3.814787774399715,0
48,4019.2964649762635,22708.981086314532,18,5.649989067539123,1
26,1569.79971335426,17386.268852211113,10,11.075469503724849,1
49,3788.4269475895676,6581.451008083879,16,1.7372516612129494,1
37,4588.997840507955,21469.673037484303,8,4.678510163584612,0
36,6950.788841330324,24817.957940758024,6,3.5705239372525766,1
43,6039.029063163894,27264.1349758224,19,4.514655367718749,1
51,5443.09044780212,11498.423954194266,13,2.112480779891733,1
23,3838.3998130214945,18490.43884640959,15,4.8172258615900585,0
41,1035.766501911738,10723.745935819323,13,10.35343961793151,1
46,1156.4879025346918,7621.108513772608,1,6.589873095143763,1
56,1672.5270661159761,27665.633426266635,2,16.541217171757417,1
62,4415.986647590565,19516.537557417603,13,4.419519150508788,1
57,6988.088875435979,25341.98105315463,2,3.6264537422005203,1
42,6934.131139921767,5201.399279432062,11,0.7501155046644743,1
62,6587.431524154872,17307.35259927227,13,2.6273294129600386,1
32,3969.809032963921,19066.392529198456,10,4.8028487947097025,1
62,7288.52633223422,8342.57101708298,15,1.1446169824738295,1
33,3137.8588474203134,26902.70772820161,1,8.573587607460029,1
31,6706.786877717752,13035.839059563448,14,1.9436787387523793,1
36,1650.8473604238893,18629.082336939937,10,11.284557726861273,1
28,2645.7755122255635,10597.932938786664,18,4.005605498204923,1
60,8305.230121941127,5444.7398571436715,11,0.6555796500761026,1
60,4592.330772341591,22304.48075347453,7,4.85689769731061,1
22,3638.0602811671015,18032.568379234857,15,4.956643646775955,1
50,7205.517417331308,16898.013496958312,3,2.3451492125067674,0
50,7434.743247114544,12774.650759216447,2,1.71823697666686,0
32,4133.438383801555,17814.63714655682,8,4.309883320474844,1
30,5556.926905884274,25129.899500979333,8,4.5222656202961895,0
64,5273.814850814287,9529.523686886789,11,1.8069507475059374,0
31,1000.0,19482.18127991113,16,19.482181279911128,1
35,2208.279842472545,16619.922008072477,2,7.5261847200777074,1
36,6884.5088283641535,13524.683410432497,5,1.9645095601752802,1
37,3334.7915019145003,1835.5468840111407,7,0.5504232822223983,1
46,6059.675792130127,14904.059891553292,13,2.4595474086104767,0
22,5526.0809026910665,20381.508196869287,2,3.688239198044312,1
32,7430.865540255763,17591.77935259926,3,2.367393038845616,1
46,2272.417023184287,3490.608020871907,9,1.5360772187758902,1
43,5788.411681922505,24976.441179629306,10,4.3149040794095495,1
38,4869.171083729112,28183.361322357963,13,5.788123037314476,1
52,3420.4513186501053,14124.021608147648,13,4.129285960345651,0
58,3406.407179441524,33488.61072660114,5,9.831065096595866,1
23,5454.961761651327,8363.598440783057,7,1.5332093617190135,0
58,6259.340342103584,4823.208137841821,17,0.7705617324238483,1
23,5127.19256508859,6881.425581544946,15,1.3421429942774241,1
50,5189.428503714557,16961.11017315681,5,3.2683965413563674,1
21,4003.0111919279525,1000.0,7,0.24981194207413007,0
50,4135.628365900552,12512.697174326917,2,3.0255854896193553,1
52,3415.059283284205,38476.40266820151,18,11.266686600883661,1
48,3962.7966966099434,2969.4047280020804,10,0.7493204813010769,1
41,6189.3511836699945,10623.123923333565,1,1.716355011711349,0
33,6412.811248867697,6711.45359940878,14,1.0465696461273226,1
47,2448.248768387725,12721.46292572827,19,5.196147993615,1
56,3207.126649436803,12214.743035524227,16,3.8086250936392654,1
27,3579.203952661617,9643.510162136427,19,2.694317029619166,1
42,4871.9262764671685,13749.561917044164,6,2.8222023768008513,0
30,1633.694387927193,20065.644716412135,12,12.282373536136783,1
59,3242.1859045233186,26082.766718410123,3,8.044809115362845,1
35,2228.8369739558543,12724.596111092224,7,5.709074400586579,0
35,5800.964268420233,15046.281288069757,3,2.5937552089365457,1
24,4940.650115335471,18706.046627037686,17,3.7861508486454603,1
52,4074.904949115261,5113.772666956029,15,1.2549428099093025,0
43,2873.4454384639575,13778.791990704194,19,4.795216156277479,1
26,4105.807097421611,10955.756017499121,19,2.668356247028552,1
44,3870.6157684841573,22615.463790070833,11,5.842859416378518,1
40,8269.333105039743,29014.603615886655,2,3.508699340966651,1
57,6994.03942316354,8783.499734695773,7,1.2558550507458859,1
40,3618.5841481421594,25239.92184096606,19,6.975082188961849,1
32,5330.390681904913,3333.0204548685597,7,0.6252863352367717,0
53,6888.417293171991,16605.38947713978,10,2.410624788019092,0
48,3617.9716254074237,17079.97447658114,12,4.720870212645116,1
28,2165.77851805346,3128.6844492244345,18,1.4446003703261434,0
21,1406.2829581347523,8372.585747265748,6,5.953699217382874,1
57,7544.533839829215,7594.233236245509,8,1.0065874708062041,1
42,4617.875237060165,4508.806163919779,5,0.9763811130571336,1
26,5582.650465749398,1000.0,3,0.1791263856003858,1
41,3851.52524936188,13342.004414149791,2,3.4640833307169134,1
52,2464.2021630206314,14305.809321542129,6,5.8054527896388155,1
55,2837.3983503218037,14242.99621915672,7,5.019737964371957,1
35,2317.930415414782,21125.64883571081,8,9.114013386778257,0
25,6699.98882893775,1000.0,4,0.1492539801978364,0
26,7985.122316664101,11951.599056967198,12,1.4967333727656846,1
45,5074.487924950045,35479.82324683548,12,6.991803660107193,1
60,1964.4018135992023,22094.047303702297,17,11.247213859582677,1
49,5993.168381671217,22139.709353821567,19,3.6941577382559423,1
27,7529.969329985086,6867.2443049380745,9,0.9119883500178447,0
60,6943.333534966788,13432.768765442814,12,1.934628186561265,1
33,4941.737903030013,1000.0,17,0.2023579598154837,1
58,4531.035526746235,19683.858458433457,10,4.344229556851116,1
38,4925.667357580539,26202.392549518147,19,5.3195619288405664,1
22,7450.498009953431,3401.6191284637116,11,0.4565626517743306,0
28,6520.730855642764,5728.9254218114165,13,0.878571060305893,1
31,4228.486000753396,14743.775731966209,4,3.4867741620379697,1
53,4178.169448419207,16226.352015048204,15,3.883603146154682,0
58,4036.60990251863,10666.19616762249,12,2.642364861902397,0
47,2870.734732895397,8477.04336685953,10,2.952917686793604,1
40,7703.676471490771,8562.741894286966,7,1.1115136942699195,1
32,3424.352504507123,14607.750449481617,2,4.265843084277958,1
63,5980.552131333507,19689.097547722893,7,3.2921872622039565,1
51,3677.1447233643353,14605.582045031442,8,3.971989993276179,1
47,4045.5522359332754,13841.121659336846,19,3.4213182409060687,1
52,4772.238466554058,1000.0,6,0.209545270423605,0
30,6090.484849668415,21936.469402972656,8,3.6017607701900687,1
23,4481.552236429042,14588.878576024608,4,3.255318203687661,1
47,2721.589656765336,11506.990147307733,9,4.22804007896768,1
55,5038.162662158202,17041.106723501598,5,3.3824050286224154,1
51,3466.6564016167404,8249.521144360735,6,2.379676607267284,1
35,8087.676613829062,11673.125775394403,19,1.4433225180436375,1
36,4480.110995054822,15860.701152599384,12,3.5402473666626872,1
33,3664.061323857729,9571.562450628542,5,2.6122822749459513,1
55,8949.601599306685,1834.5969586101237,5,0.2049920254273942,1
31,6477.779404884946,1000.0,18,0.1543738891827486,0
41,3206.4517723915674,18565.862568831602,6,5.790158058414847,1
31,3418.171880006792,14751.129705755258,9,4.315502620577976,1
50,5948.365962181363,14468.242149029262,11,2.4323053156136885,1
55,5086.952602069798,5705.578194423404,14,1.1216102528853715,1
42,6780.351085440949,14835.605318901637,2,2.1880290757741534,1
58,3674.6473980168334,11796.36326232158,14,3.210202771751093,1
51,6402.218249596954,10199.504973829047,19,1.5931204742155032,1
34,1000.0,14399.593963838835,10,14.399593963838836,1
44,4691.116261482456,17371.44746554296,5,3.7030520023934232,1
52,3765.641707978536,28999.223873633993,4,7.701004535877976,1
56,4089.9067586651604,19522.34653374569,7,4.773298680314482,1
52,4794.250707747843,21860.501456014532,13,4.55973264407855,0
35,7277.007279187392,23837.240562997184,10,3.275692829272398,0
63,2691.920241357906,8887.819017848133,10,3.3016650646992356,1
55,1000.0,12432.923432262754,4,12.432923432262754,1
23,2923.8928577767733,7760.715774543666,16,2.654240819359108,1
36,7044.871863856319,9545.424781316766,15,1.3549465434977634,0
25,1710.0173290168505,11574.060606977197,11,6.768387904952714,1
41,3856.1047188302464,9354.757740643021,19,2.425960502307312,0
30,6679.154749623663,16792.819659165274,3,2.5142132932481416,1
39,4883.142913491292,18462.745048318022,15,3.780914336401788,1
45,7257.413441700641,4550.858677311699,16,0.627063445381622,0
24,1000.0,12503.345190526023,14,12.503345190526023,1
49,4356.781824937969,12590.946993776439,5,2.8899650016226612,1
39,7674.354332709998,3220.7493681920696,17,0.4196769172442871,1
63,2746.23670773567,8870.836670216515,18,3.230179192211988,0
22,7069.619686776172,21987.618649233038,19,3.110155796691752,1
30,4528.619233879676,21884.620075840474,1,4.832514933495939,1
63,5868.258850111845,1966.4812349944332,9,0.3351047193422549,0
45,7529.313814045082,18777.032057296623,14,2.493857012875489,1
40,5859.672302096177,3237.700983982835,11,0.5525395989848467,1
39,3817.5008812612673,11788.140847487652,2,3.0879209236994223,1
43,6124.125504250456,14221.445618461139,5,2.3222002241121165,0
44,3676.4003094379896,21022.202963865002,15,5.71814851334257,1
31,5546.733705570776,13603.296080022325,12,2.452487680517286,1
54,2496.3140811504545,6889.100527521098,14,2.7597090364310963,1
48,5058.18934682459,5528.467674982672,11,1.092973650433492,1
25,7378.5861565775285,16343.909339653248,9,2.2150462151998753,1
25,4402.460554869883,9929.604248047537,8,2.255466942699504,1
41,7187.3808776986225,11730.451071117008,12,1.632089807222386,1
32,11186.859061341811,22763.71674780775,3,2.0348622095787223,1
24,4942.105370377575,18479.183449195123,15,3.739131820207087,1
62,6228.3843124839705,27695.16674870655,8,4.446605308730751,0
40,5953.725169764114,6854.420634584562,7,1.1512826741473747,1
58,5450.207318348157,9326.468217895283,17,1.7112134774208807,0
45,6575.792048317791,16469.498635031694,12,2.5045650035792866,1
34,4503.809936254674,29550.380079331604,18,6.561196075673084,1
31,3674.911799450915,8641.076911632412,18,2.3513698785705586,1
52,1947.354457138984,15307.285169638717,15,7.86055415516284,1
31,4314.483013826342,25569.840742063367,3,5.926513248544812,1
38,6802.868330270734,15399.368121128955,19,2.263658117945097,1
47,3120.405777613737,23160.03083708931,15,7.422121508440625,1
38,5493.355793065515,30659.915381485815,16,5.581272456480803,1
43,4753.780272938138,17360.99069042273,17,3.65203894451195,1
31,3758.5637539148047,18667.844990411068,1,4.96674959177351,1
41,1293.9193404934667,20943.560503040957,11,16.186140702598692,1
64,7725.709398241574,7765.0280168023655,6,1.005089321450499,1
25,6034.3810607667565,3147.4662250091733,9,0.5215889075141108,0
43,10330.575655418521,16267.619132770276,16,1.5747059675457387,1
61,7158.826027915084,9998.964977403471,6,1.3967325003308597,1
45,7681.087957297095,23422.06575970899,12,3.049316176292167,1
61,1501.2925379532035,17514.37728295313,19,11.666198852111439,1
30,1466.3292708768813,23286.49122674822,13,15.880806370879196,1
42,5084.624122105174,5386.808801217561,13,1.0594310753077407,1
39,2703.769153037375,23012.291467949628,4,8.511189441634821,1
21,3637.426306311949,1000.0,9,0.27491965906353105,1
27,10052.528360249937,6043.118846445846,14,0.6011541206232017,0
24,7379.752343363722,20057.90751473397,14,2.7179648559305845,1
21,3128.6889153364073,10979.508663132077,17,3.5093002085672436,1
35,1000.0,11749.58604262954,5,11.74958604262954,1
60,2960.1253237918995,15857.874220244561,19,5.357163121705515,1
32,3885.611114122555,26375.640057043558,2,6.78802877652353,1
42,4357.472661479848,1000.0,13,0.22949082591843237,1
42,2441.907497846758,24989.650901582892,11,10.233659925127565,1
37,7259.70118466159,25459.680953130977,2,3.506987451070657,1
49,3577.0784122834934,10965.011024309113,1,3.065353833635813,1
34,6297.1553452054195,9440.92154409299,3,1.4992359290105803,1
40,5107.774843782044,14056.23458802638,12,2.7519291703191957,1
53,6876.954110172084,9270.626379191024,7,1.3480715780083985,0
63,4524.159343113909,17758.21256362263,1,3.9251960898883653,1
35,3150.0271226840596,18800.09800281466,9,5.968233691523127,1
32,3802.8255917960682,2568.7238033810772,18,0.6754776787351621,1
60,3831.0297712843912,7637.1505962317,6,1.9934981068213595,1
40,9129.101103152469,5518.887767529004,9,0.604537917278977,0
50,5153.010543678576,16717.49991758016,8,3.2442200100072083,1
58,5009.265629407754,21978.65687522694,18,4.387600598817811,1
23,6764.053081417098,6412.5160493381445,15,0.9480286408389177,1
48,4999.860290491742,21922.208849410643,1,4.3845642829461084,1
46,7243.352638628739,7601.603955272673,14,1.0494593228463547,1
50,4255.844478597772,20748.975679701052,18,4.875407403641189,1
33,4052.7204991746216,12730.1485637927,19,3.141136568975168,1
33,3039.4530079703436,11466.394354152446,19,3.7725190434213567,1
22,8700.094660101404,24139.60429981372,10,2.774636971539843,1
57,4860.35035246879,29301.52584846471,6,6.028685943098968,1
58,2651.9150807570095,1000.0,17,0.3770859810920274,1
22,5393.654443958436,19795.485438195334,14,3.670143433153887,1
56,3699.8922458731186,16418.673937346353,13,4.437608677836453,1
46,4220.797537092138,20263.06006000286,8,4.80076570409554,1
31,5621.506863455436,3491.885885089727,10,0.6211654579290736,0
28,8041.970480508202,6325.434757092207,9,0.7865528445327593,1
64,5203.1707163460815,9628.562199482818,5,1.850518217523422,0
60,3577.9264590896983,16704.52614961062,4,4.668772916551396,1
63,3990.1703154115444,9138.769996260597,6,2.2903207817879894,1
42,6312.894373820936,12415.816886450124,6,1.966739208870263,0
40,1083.3181684261185,21644.223380396863,13,19.979562801796565,1
28,2914.6354474078157,31390.508952786673,4,10.769960607150509,1
49,5425.292152394681,21073.602074825492,8,3.8843257621663327,1
60,1586.6608452505034,21875.16163471103,5,13.786917160142917,1
46,4374.964241730272,13545.191643839737,2,3.096069109466068,1
50,4043.4699286849677,7875.172781828623,9,1.9476273895252674,1
37,6754.897044151336,12392.336058171912,11,1.8345706791936525,1
40,4499.4353337616,14536.78198889722,11,3.230801402971656,1
36,7373.382765206094,5718.897481844988,7,0.7756138076584905,1
63,5157.746046476122,21520.965483622487,14,4.172552368747596,1
27,8552.902261618532,27155.604276550977,6,3.175016321467014,1
36,2225.0220712164573,15979.375397737958,4,7.181670512149914,1
47,8234.253682535955,23672.59181800095,6,2.874892216183259,1
43,4177.745687541221,24667.457144363638,3,5.904489882648044,1
44,7947.899402452818,6722.79821324713,6,0.8458584932733789,1
29,7370.469399770329,1097.5517319988776,3,0.14891205328565346,1
55,1000.0,11007.873319059323,1,11.007873319059323,1
40,5958.336420639679,15767.061593025373,18,2.646218756364321,1
57,6995.239525615796,5430.945953814671,4,0.7763774112276135,0
62,7657.185473342233,26377.788661427076,6,3.444841287083727,1
37,2646.7256284411546,30590.41252200469,17,11.557832891058514,1
51,6180.68579402846,16433.575585818733,18,2.658859572136189,1
28,5390.147357331456,7145.62140475188,6,1.32568201406084,1
35,5862.817933932649,18890.362788045724,2,3.2220619846836156,1
51,6997.872973186037,7120.477685184887,12,1.0175202825871001,0
50,7313.419705452869,24144.748392166926,12,3.30143070746571,1
40,3688.514090471058,13148.547270024044,4,3.5647274071670556,0
59,5530.838663693313,20818.02284943271,16,3.7639902581304217,1
32,5082.270634424256,22215.17808791672,10,4.371112773382121,1
37,4521.29475546069,19303.66411072155,10,4.2694991489787615,1
62,4712.449577661919,29282.245838173283,7,6.213805655762934,1
50,5391.974484113273,16426.18492877137,14,3.0464136982044168,1
49,3796.0367950654672,10974.437464405652,7,2.8910250497759953,1
39,6766.073557061761,1000.0,12,0.14779620581515826,0
31,7538.6165765836995,1000.0,11,0.1326503331003967,1
54,3358.8468888282086,20216.304841776546,17,6.018822980296476,1
27,7636.659775878245,13529.247530633489,11,1.7716184729569906,1
64,3362.613151547718,8476.833544840058,3,2.5209065577282965,1
54,6795.57382337957,6088.758648884477,19,0.8959888902886526,0
40,7632.957621181136,20927.63469337173,4,2.74174648045974,1
58,4810.978607840321,7131.719632431019,8,1.482384399051089,0
44,3379.0045160324426,28045.287897137256,14,8.299866947223691,1
30,3822.634004576741,33807.89292587683,14,8.84413545356409,1
52,5723.713731297713,7799.705504051432,16,1.3627001401908057,1
35,8929.30882481993,20358.60116340988,15,2.27997503085805,1
57,1614.5343179265801,18520.172748071913,12,11.470906838236749,1
40,5200.483929623955,7098.809517741957,16,1.3650286422970004,1
23,4823.8557018059755,7144.095386484229,19,1.4809927634878448,1
57,4086.9564764637807,14019.270225164082,5,3.430247007987271,1
60,4838.43611654277,5892.884546485573,12,1.2179316631540529,1
28,3915.606356301845,23730.05568784928,5,6.060378273126897,1
60,7486.310823724816,13031.1158891375,10,1.740659210654289,0
64,7684.98761333345,6034.973069289375,17,0.7852937926430356,0
43,5176.270542294045,14288.085128933073,15,2.7603049361868957,0
60,4717.709973027419,18731.386405938818,8,3.9704404283077683,1
31,4013.92665474587,9204.418575640484,8,2.2931207686013972,1
28,5180.562675505353,1000.0,8,0.19302922532492134,0
49,8695.662057735251,16010.942166098672,10,1.8412562562566575,1
50,4792.5315275972835,5264.002937641901,13,1.0983762771991585,0
30,3321.135203947481,8650.013335643125,16,2.604535137672737,1
59,4204.476217306298,18752.84135919263,9,4.460208689492148,1
48,6506.93992353776,10296.808834771107,16,1.5824349011620862,1
56,3564.5265919047897,13871.10570560614,10,3.89142999721424,0
33,4932.587810674952,26624.408789098085,3,5.397655310155527,1
52,5945.766270325478,12183.701317158064,14,2.049138960938522,0
56,3716.2742878939466,31170.529140560866,13,8.387574954330281,1
57,1471.1885584698966,20919.317157880185,4,14.219331055454395,1
46,2857.2290722937955,7549.005585522176,4,2.642072229603139,1
42,3282.4669822540527,11189.171084169922,6,3.4087688146329436,0
24,4542.345388286718,4898.856919675578,19,1.0784862226259129,1
51,5088.599322790555,20099.651199441174,11,3.949937875717567,1
38,6647.402594754222,25596.116776708084,8,3.8505440902446892,1
58,2545.487982670586,12132.849283112853,14,4.76641389223285,1
44,6356.5737414143505,1000.0,8,0.15731745444637885,0
43,4258.152977700397,17883.758159711564,14,4.1998862542908535,1
42,1428.9054022363048,8104.136827426281,7,5.67156987071567,1
22,5027.14731876841,9314.647847103532,18,1.8528694817293534,0
51,7632.5351029999365,17492.21732848353,12,2.2917965122241344,1
31,6766.229103316966,24855.872962555477,14,3.673519265017281,1
48,4847.459177955865,20916.013824963095,15,4.314840632403883,1
52,7251.541232257501,18436.00790635054,18,2.5423571784078742,0
25,5384.445361094609,13741.983179307648,12,2.5521631770285116,1
58,6962.3776556448765,4436.512306755161,10,0.6372122464741878,1
30,1676.7953300623963,17783.536935988974,12,10.605669408279674,1
60,2500.6543694794705,20741.839717539904,8,8.294564802994934,1
44,6458.071971145439,10239.341227523302,6,1.5855105476173867,0
55,8078.564988689647,12069.092303767098,19,1.4939648713186522,0
64,5834.591461825012,23880.415393465897,1,4.092902742156398,1
43,4005.3262532483955,11860.195840398783,13,2.96110605990709,1
37,3298.968282853421,12835.514810055796,16,3.890766357703143,1
21,4369.369672810384,14292.801504051275,18,3.2711357871576308,1
51,7427.27398343353,20324.46066351537,12,2.7364630292148777,1
51,4314.945923425212,17346.64963390581,5,4.020131408770011,1
62,7095.522482774839,16754.104003583983,13,2.3612220304081077,1
62,6305.14625090909,27142.95450401825,8,4.304888962742889,0
54,8427.851600853986,11723.848612978556,6,1.3910838928144618,1
29,5400.523743073015,7395.728775034542,3,1.3694465809025798,1
42,4900.807277635918,23176.7844379676,4,4.729176873314587,1
33,7195.344211360536,16847.4528011296,12,2.341438061368851,1
45,3129.4744094039634,10286.030427519596,13,3.28682362655225,0
38,4111.966045778126,12121.076689761865,2,2.9477569986763204,1
32,1639.9905089403037,4808.559782955726,19,2.9320656166862973,1
60,2491.350881904009,16853.44146230522,4,6.764780338538673,1
37,8846.74375945962,3308.631712221886,13,0.37399429690546226,1
35,6384.629147281399,20456.22446104637,19,3.20398005728441,0
62,2258.5968340541303,10820.794277165658,8,4.790936617821507,1
35,7389.65798925411,3847.7535863359935,8,0.5206944072284967,0
35,3592.604907609314,23777.990293529743,16,6.618593167082411,1
59,6281.901216666794,33051.155102239805,11,5.2613299640163556,0
33,6252.027208791343,18498.564070708668,18,2.958810551031632,0
37,8329.981400165398,12716.633309780247,4,1.526610048556381,1
52,3924.5404989990902,7319.453241463441,1,1.8650471929975458,0
29,3519.5412256399304,17094.67689684095,1,4.857075340475024,1
60,1000.0,20093.862107198594,14,20.093862107198593,1
40,4756.453746613656,15055.145211965117,4,3.165203745055565,1
46,6450.659663968466,22163.503383947238,11,3.43585067861295,1
47,6723.947670538947,27111.117501632518,18,4.0320238690167365,1
41,7504.798759257517,4922.494394746505,16,0.6559129102128661,1
38,5579.611483996788,17352.394413752594,17,3.1099646388502173,1
33,6009.562236478334,1000.0,2,0.16640147162965574,1
36,5136.2408814272285,8487.609561401327,4,1.6524944521376963,1
29,6414.909671105803,20758.91166360113,3,3.236041149122324,1
32,3131.51528580002,14625.559396904247,15,4.6704416431318165,1
64,2183.070338169497,2112.812643467836,2,0.9678170265642599,1
58,3342.5239811174342,23399.289312083187,19,7.000485095775021,1
39,5427.2474351733135,10654.129684946889,9,1.9630816195883762,1
27,2399.150668389505,21807.097830065122,10,9.089507431687785,1
55,3733.511680791624,19101.45579787986,19,5.116216964353983,1
38,3797.4114339296684,8334.97775140861,5,2.19491037419228,1
36,6563.642421930912,21951.248942644892,14,3.3443700207220015,1
59,6320.190921060758,17548.93312159567,10,2.7766460445233383,1
24,5140.972184517835,16400.38146615081,16,3.190132309126466,0
45,5902.129763275114,11254.79020771425,6,1.9069032127597487,1
52,5941.580887933941,6178.207684164538,8,1.0398255616970786,0
60,4272.7608857340565,11650.559489559753,2,2.7267052383995503,1
33,3915.001387224543,11476.413226791883,18,2.9313944215299097,1
37,8073.372831244742,21812.951749861673,8,2.70183877368371,0
57,1000.0,1808.123535604529,5,1.808123535604529,0
26,3517.393262125495,26765.719119734866,17,7.609532720706027,1
39,4592.434957180188,27204.763340440557,16,5.923821152416412,1
33,6119.902854638694,9871.969579810433,5,1.6130925301090016,1
46,7271.013052206384,26212.590485372104,17,3.6050809284983902,1
34,8713.463208376294,6955.344903316517,4,0.7982296748129161,1
51,4816.578634259739,24017.004374721764,1,4.986320415053899,1
24,4950.528750620333,8442.727565602198,6,1.70541935839566,0
59,5725.22012123036,23267.49512709849,1,4.06403502999257,1
28,3937.758123342156,3500.8541591139165,4,0.8890475365568113,0
45,2631.52545588825,23662.818228124936,2,8.992053706027232,1
33,4807.499067471963,25308.64457687692,13,5.264409669492779,1
52,6490.744584003595,3243.4158098564294,14,0.4996985735426734,1
58,4514.153107647038,29058.07554380922,17,6.437104557792786,1
58,5826.8707774361865,23147.972013798324,11,3.972624912746631,1
48,1262.3653742569277,1000.0,3,0.7921636797021899,0
50,5036.809246838917,11080.317848161043,7,2.19986846933205,1
23,4193.106818571349,23300.814445446013,10,5.556933189072662,1
48,2449.7524890176296,20784.892894788358,11,8.484486897336827,1
23,6314.425007169694,15894.300559018222,10,2.5171413930755513,0
54,8691.29113854863,22423.717199194205,8,2.5800214078363934,1
36,6979.917851361771,8007.7665425337555,5,1.1472579925810233,1
42,7107.498010956879,15378.903521712278,2,2.163757696168785,0
52,6424.954069233609,8235.35041437851,15,1.2817757645636916,1
58,6292.9028992924395,16078.47408097777,16,2.555017030818257,1
28,1401.136128848968,23008.247664204588,4,16.42113652661704,1
28,4744.098099856022,21252.48383705287,16,4.47977326558611,1
26,6017.339533291734,16783.11790040988,12,2.7891259596629108,0
34,6062.809562401734,22917.550004766494,14,3.7800214189290626,1
52,7543.4123785394095,23705.42411005371,12,3.142533235687118,1
55,2935.204700733642,29378.582971700584,16,10.009040583901195,1
30,6214.543230815398,24339.7456363807,16,3.916578376298,1
23,2869.917992014773,20251.384144622225,12,7.056433041281822,1
32,4576.60082032188,22472.730837150393,2,4.910354151352411,1
51,4876.073985529449,16948.475314211086,14,3.475844575883892,1
49,6725.141828097903,12760.40453605326,11,1.8974179076402218,0
25,6489.906776800688,21940.87061682821,9,3.380768225401898,1
45,5240.661175423277,21056.99468580044,7,4.018003450509221,1
61,1000.0,17335.642181382886,12,17.335642181382887,1
51,5889.667465984107,13443.246446722917,17,2.282513660468041,1
41,4464.647045922426,12999.5691516234,9,2.9116678245587058,1
40,7783.611783238201,11730.315778081607,6,1.5070530371700357,1
59,7306.9870886807375,25045.662604678648,12,3.4276319775461097,0
42,3123.954186188684,24427.415667901252,10,7.8193898540181275,1
24,6164.348477981171,24084.015174869615,9,3.9069846977173412,1
33,6203.821212320809,6585.131262041008,12,1.0614637393100428,1
62,6058.367159233851,12125.673283479857,1,2.0014754742948404,1
40,5799.162149491198,12940.869801617977,2,2.231506805298309,1
33,6260.3091729365005,10150.844238718037,19,1.621460531470304,0
37,8002.9716311479915,29900.760788809384,1,3.736207269863863,1
56,3897.239333546927,18203.715644394746,16,4.670925772430638,1
53,3188.3807534857597,17628.87353522967,16,5.5290992193942206,1
21,6565.430271011007,11272.637316707413,18,1.7169685536804193,0
35,1233.2758107376835,21896.735897185124,18,17.75493827620571,1
33,6308.047721125741,32532.294077299426,13,5.157268225531698,1
37,5953.877937084094,15647.608179171124,12,2.628137214857738,1
44,1000.0,13131.881587641074,9,13.131881587641073,1
28,3727.3266807792693,14275.31885769217,5,3.829908156777833,1
47,8151.949051215968,12423.584557642309,9,1.524001742354998,1
43,2085.6469385681203,14977.071484479624,13,7.181019571204118,1
28,5425.1832298988575,10108.207906806663,16,1.8632012004864786,1
28,2990.1894000124307,7907.609359283183,10,2.6445178888167784,1
46,3582.1073918764687,14830.087539383954,16,4.140045486356926,1
33,8832.637640854677,15648.788831295282,14,1.7717005347205719,0
59,5246.888691572279,12815.083495695984,2,2.4424157341626063,1
57,6033.901377125846,26655.826289570625,19,4.4176768269069235,1
48,4775.070847146972,18323.925202512364,11,3.8374143105040246,0
45,1969.733371804754,20939.665182553515,19,10.630710471929355,1
36,2630.1535862046776,21152.178766269895,11,8.042183877479404,1
22,7356.860651284465,15837.167568647,14,2.1527072917823884,0
38,5305.7842966914695,16749.211720018644,15,3.1567833864755785,1
37,3459.423288087031,8118.658465266996,7,2.346824250511535,1
50,4955.89639748628,20247.862771034295,15,4.085610583244714,1
59,6323.195926567897,12333.482442277918,8,1.95051404155561,1
33,5908.977695166626,9881.988945489946,4,1.672368632153262,0
52,3460.421599568309,25415.72789915919,18,7.344691150445318,1
49,1849.3934421256931,4342.0715697113665,14,2.34783549611844,1
50,4185.906913556908,28752.60620533691,18,6.868907216310943,1
38,7218.097271873414,28119.4452508509,4,3.895686659754956,1
33,6708.753930214421,13222.07143590122,2,1.9708684464267754,1
63,5820.806529850325,29281.592628319388,6,5.030504360204586,1
41,4658.239177067777,7893.258929713941,11,1.6944726600926734,1
50,3966.506475878765,22952.711556082366,1,5.786631559954097,1
41,4695.3431910912805,15134.397086479506,15,3.223278144011877,1
37,6563.543328604243,1000.0,12,0.15235673018900495,0
60,7020.381224471523,9951.912351322306,18,1.4175743500412916,0
39,4476.426470155464,13603.978479795665,5,3.0390264579333537,1
35,10072.462619055186,21232.050493593495,11,2.1079304333606053,1
29,5184.807551554112,11183.340715331855,19,2.1569442267880747,1
30,4306.089100130196,12814.838244717048,1,2.97598074418144,1
64,7951.338877219101,19327.870577615744,17,2.430769317729729,1
51,1000.0,18904.768013630703,8,18.904768013630704,1
43,5960.067389130711,14266.195314689801,16,2.3936298674586896,1
50,4854.4032147334065,12577.236582718306,11,2.5908924385484986,1
53,7896.368639742717,22514.451709024164,19,2.8512412143106,1
29,6209.846717300384,12532.266797355054,11,2.018128203139163,1
21,5278.204339683317,5484.9118122770105,15,1.0391624611877182,1
64,6325.267595093097,11844.796404810611,8,1.8726158580230432,0
55,2888.8353757584955,19374.533366717627,14,6.706693475612341,1
31,6933.639668957718,13805.675106054208,1,1.9911151668095715,1
54,2310.8284859730575,10977.888621086398,10,4.750628914141918,1
36,5716.994761628729,4961.575191299145,7,0.8678642185576587,1
29,5071.228682172049,13848.506710807169,18,2.73079909795662,0
52,1473.8908472571497,16823.302798824745,12,11.414212137983094,1
35,5137.884116192099,6940.924701023441,2,1.3509305667578293,1
32,5563.973503412597,13485.702930817815,18,2.4237539813132685,0
53,3690.2480520844183,6248.834865496918,7,1.6933373522051707,1
34,2975.156002314784,13969.773590239267,12,4.6954759949966505,1
28,5984.354806856794,28803.962897421654,14,4.813211085749537,1
28,5724.630002321619,16373.706196054176,10,2.8602208683205435,1
47,5453.638178508088,2347.4130780316646,9,0.43043065953338133,0
32,5017.683544709767,17649.0422251574,15,3.5173685362770826,1
21,3866.8739660488063,25494.51346555301,10,6.593055188608448,1
63,9544.362905329537,3927.5479100813154,19,0.4115044606998532,1
60,4403.338319503824,6636.054261460622,19,1.5070507374069735,1
62,3269.7732730624334,17066.787820831716,12,5.2195630692299195,1
31,5108.8545504202675,14303.076378781325,12,2.7996640416401593,1
59,4638.117907377765,24689.354962933663,9,5.323140863594861,1
63,4356.974383167019,13554.903577798586,4,3.111081770452304,1
51,8748.552181211971,21603.57999191389,1,2.4693891679938593,1
37,2740.5043639907854,27224.826101703922,16,9.934239280706164,1
53,5074.8741375874115,8059.285193797199,1,1.5880758764252965,1
52,2874.6539501429766,20981.37820222281,13,7.298749194204492,1
49,3917.950457207943,11793.108539431298,3,3.0100198224138452,1
41,8472.231899790064,1000.0,12,0.11803265206005271,1
41,5562.890111443787,18811.006702537736,9,3.3815168600653065,1
